-- MySQL dump 10.13  Distrib 5.7.36, for Win64 (x86_64)
--
-- Host: sql480.main-hosting.eu    Database: u850300514_emendez
-- ------------------------------------------------------
-- Server version	5.5.5-10.5.12-MariaDB-cll-lve

/*!40101 SET @OLD_CHARACTER_SET_CLIENT=@@CHARACTER_SET_CLIENT */;
/*!40101 SET @OLD_CHARACTER_SET_RESULTS=@@CHARACTER_SET_RESULTS */;
/*!40101 SET @OLD_COLLATION_CONNECTION=@@COLLATION_CONNECTION */;
/*!40101 SET NAMES utf8 */;
/*!40103 SET @OLD_TIME_ZONE=@@TIME_ZONE */;
/*!40103 SET TIME_ZONE='+00:00' */;
/*!40014 SET @OLD_UNIQUE_CHECKS=@@UNIQUE_CHECKS, UNIQUE_CHECKS=0 */;
/*!40014 SET @OLD_FOREIGN_KEY_CHECKS=@@FOREIGN_KEY_CHECKS, FOREIGN_KEY_CHECKS=0 */;
/*!40101 SET @OLD_SQL_MODE=@@SQL_MODE, SQL_MODE='NO_AUTO_VALUE_ON_ZERO' */;
/*!40111 SET @OLD_SQL_NOTES=@@SQL_NOTES, SQL_NOTES=0 */;

--
-- Table structure for table `Comentarios`
--

DROP TABLE IF EXISTS `Comentarios`;
/*!40101 SET @saved_cs_client     = @@character_set_client */;
/*!40101 SET character_set_client = utf8 */;
CREATE TABLE `Comentarios` (
  `ComentarioID` int(11) NOT NULL,
  `Comentario` varchar(555) COLLATE utf8mb4_unicode_ci DEFAULT NULL,
  `PersonaID` int(11) DEFAULT NULL,
  `PeliculaID` int(11) DEFAULT NULL,
  PRIMARY KEY (`ComentarioID`),
  KEY `PersID_idx` (`PersonaID`),
  KEY `PeliID_idx` (`PeliculaID`),
  CONSTRAINT `Peli_id` FOREIGN KEY (`PeliculaID`) REFERENCES `Peliculas` (`PeliculaID`) ON DELETE NO ACTION ON UPDATE NO ACTION,
  CONSTRAINT `Pers_id` FOREIGN KEY (`PersonaID`) REFERENCES `Usuario` (`PersonaID`) ON DELETE NO ACTION ON UPDATE NO ACTION
) ENGINE=InnoDB DEFAULT CHARSET=utf8mb4 COLLATE=utf8mb4_unicode_ci;
/*!40101 SET character_set_client = @saved_cs_client */;

--
-- Dumping data for table `Comentarios`
--

LOCK TABLES `Comentarios` WRITE;
/*!40000 ALTER TABLE `Comentarios` DISABLE KEYS */;
/*!40000 ALTER TABLE `Comentarios` ENABLE KEYS */;
UNLOCK TABLES;

--
-- Table structure for table `GenPeli`
--

DROP TABLE IF EXISTS `GenPeli`;
/*!40101 SET @saved_cs_client     = @@character_set_client */;
/*!40101 SET character_set_client = utf8 */;
CREATE TABLE `GenPeli` (
  `GeneroID` int(11) DEFAULT NULL,
  `PeliculaID` int(11) DEFAULT NULL,
  KEY `PeliID_idx` (`PeliculaID`),
  KEY `GenID` (`GeneroID`),
  CONSTRAINT `GenID` FOREIGN KEY (`GeneroID`) REFERENCES `Genero` (`GeneroID`) ON DELETE NO ACTION ON UPDATE NO ACTION,
  CONSTRAINT `PeliID` FOREIGN KEY (`PeliculaID`) REFERENCES `Peliculas` (`PeliculaID`) ON DELETE NO ACTION ON UPDATE NO ACTION
) ENGINE=InnoDB DEFAULT CHARSET=utf8mb4 COLLATE=utf8mb4_unicode_ci;
/*!40101 SET character_set_client = @saved_cs_client */;

--
-- Dumping data for table `GenPeli`
--

LOCK TABLES `GenPeli` WRITE;
/*!40000 ALTER TABLE `GenPeli` DISABLE KEYS */;
INSERT INTO `GenPeli` VALUES (1,1),(2,1),(9,1),(1,2),(2,2),(9,2),(1,3),(2,3),(6,3),(1,4),(2,4),(7,4),(4,5),(6,5),(7,5),(6,6),(10,6),(11,6),(12,7),(6,7),(2,8),(4,8),(7,8),(6,9),(12,10),(6,10),(1,11),(12,11),(6,11),(1,12),(2,12),(6,12),(1,13),(2,13),(7,13),(2,14),(4,14),(7,14),(1,15),(2,15),(3,15),(1,16),(2,16),(3,16),(1,17),(2,17),(9,17),(1,18),(2,18),(6,18),(6,19),(13,19),(1,20),(2,20),(6,20);
/*!40000 ALTER TABLE `GenPeli` ENABLE KEYS */;
UNLOCK TABLES;

--
-- Table structure for table `Genero`
--

DROP TABLE IF EXISTS `Genero`;
/*!40101 SET @saved_cs_client     = @@character_set_client */;
/*!40101 SET character_set_client = utf8 */;
CREATE TABLE `Genero` (
  `GeneroID` int(11) NOT NULL,
  `Nombre` varchar(30) COLLATE utf8mb4_unicode_ci DEFAULT NULL,
  PRIMARY KEY (`GeneroID`)
) ENGINE=InnoDB DEFAULT CHARSET=utf8mb4 COLLATE=utf8mb4_unicode_ci;
/*!40101 SET character_set_client = @saved_cs_client */;

--
-- Dumping data for table `Genero`
--

LOCK TABLES `Genero` WRITE;
/*!40000 ALTER TABLE `Genero` DISABLE KEYS */;
INSERT INTO `Genero` VALUES (1,'Accion'),(2,'Aventura'),(3,'Ciencia Ficcion'),(4,'Comedia'),(5,'Documental'),(6,'Drama'),(7,'Fantasia'),(8,'Musical'),(9,'Suspense'),(10,'Terror'),(11,'Misterio'),(12,'Crimen'),(13,'Romace');
/*!40000 ALTER TABLE `Genero` ENABLE KEYS */;
UNLOCK TABLES;

--
-- Table structure for table `Multimedia`
--

DROP TABLE IF EXISTS `Multimedia`;
/*!40101 SET @saved_cs_client     = @@character_set_client */;
/*!40101 SET character_set_client = utf8 */;
CREATE TABLE `Multimedia` (
  `MultimediaID` int(11) NOT NULL,
  `PeliculaID` int(11) DEFAULT NULL,
  `img_url` varchar(100) COLLATE utf8mb4_unicode_ci DEFAULT NULL,
  `trailer_url` varchar(150) COLLATE utf8mb4_unicode_ci DEFAULT NULL,
  PRIMARY KEY (`MultimediaID`),
  KEY `PeliculaID_idx` (`PeliculaID`),
  CONSTRAINT `PeliculaID` FOREIGN KEY (`PeliculaID`) REFERENCES `Peliculas` (`PeliculaID`) ON DELETE NO ACTION ON UPDATE NO ACTION
) ENGINE=InnoDB DEFAULT CHARSET=utf8mb4 COLLATE=utf8mb4_unicode_ci;
/*!40101 SET character_set_client = @saved_cs_client */;

--
-- Dumping data for table `Multimedia`
--

LOCK TABLES `Multimedia` WRITE;
/*!40000 ALTER TABLE `Multimedia` DISABLE KEYS */;
INSERT INTO `Multimedia` VALUES (1,1,'imgs/imgsPelis/1no_time_to_die.jpg','https://www.youtube.com/embed/c933JBJhKZE'),(2,2,'imgs/imgsPelis/2casino_royale.jpg','https://www.youtube.com/embed/Y6-Jmc4tTk4'),(3,3,'imgs/imgsPelis/3Dune.jpg','https://www.youtube.com/embed/1looWByWgW0'),(4,4,'imgs/imgsPelis/4eternals.jpg','https://www.youtube.com/embed/f7aFqw3eYSs'),(5,5,'imgs/imgsPelis/5Una_cuestion_de_tiempo.jpg','https://www.youtube.com/embed/5DQAZtFHLEA'),(6,6,'imgs/imgsPelis/6la_ultima_noche_en_el_soho.jpg','https://www.youtube.com/embed/qwpVk8-JGvw'),(7,7,'imgs/imgsPelis/7La_Casa_Gucci.jpg','https://www.youtube.com/embed/s1rOhrqGYjw'),(8,8,'imgs/imgsPelis/8perro_rojo.jpg','https://www.youtube.com/embed/GGpVvQiXIgI'),(9,9,'imgs/imgsPelis/9cadena_perpetua.jpg','https://www.youtube.com/embed/4u87tmlj4oE'),(10,10,'imgs/imgsPelis/10el_padrino.jpg','https://www.youtube.com/embed/gCVj1LeYnsc'),(11,11,'imgs/imgsPelis/11El_caballero_oscur.jpg','https://www.youtube.com/embed/smsOrYoR94c'),(12,12,'imgs/imgsPelis/12ElRetornoDelRey.jpg','https://www.youtube.com/embed/h-9RYiqyqjk'),(13,13,'imgs/imgsPelis/13PitarasdelCaribe_fin_mundo.jpg','https://www.youtube.com/embed/o8DeDDZakco'),(14,14,'imgs/imgsPelis/14Charlie_y_la_fabrica_de_chocolate.jpg','https://www.youtube.com/embed/BGem82vCZNM'),(15,15,'imgs/imgsPelis/15planeta_simios.jpg','https://www.youtube.com/embed/uhjiTupZnkM'),(16,16,'imgs/imgsPelis/16oblivion.jpg','https://www.youtube.com/embed/Pt7TGR8wwdw'),(17,17,'imgs/imgsPelis/17mission_impossible.jpg','https://www.youtube.com/embed/EAcGTtm18ec'),(18,18,'imgs/imgsPelis/18gladiator.jpg','https://www.youtube.com/embed/uePBwv_s6gM'),(19,19,'imgs/imgsPelis/19titanic.jpg','https://www.youtube.com/embed/FiRVcExwBVA'),(20,20,'imgs/imgsPelis/20El_renacido.jpg','https://www.youtube.com/embed/a8HRA49kaok');
/*!40000 ALTER TABLE `Multimedia` ENABLE KEYS */;
UNLOCK TABLES;

--
-- Table structure for table `Peliculas`
--

DROP TABLE IF EXISTS `Peliculas`;
/*!40101 SET @saved_cs_client     = @@character_set_client */;
/*!40101 SET character_set_client = utf8 */;
CREATE TABLE `Peliculas` (
  `PeliculaID` int(11) NOT NULL,
  `Nombre` varchar(50) COLLATE utf8mb4_unicode_ci DEFAULT NULL,
  `Duracion` int(3) DEFAULT NULL,
  `Fecha_Salida` varchar(15) COLLATE utf8mb4_unicode_ci DEFAULT NULL,
  `Calificacion` float DEFAULT NULL,
  `Sinopsis` longtext COLLATE utf8mb4_unicode_ci DEFAULT NULL,
  PRIMARY KEY (`PeliculaID`)
) ENGINE=InnoDB DEFAULT CHARSET=utf8mb4 COLLATE=utf8mb4_unicode_ci;
/*!40101 SET character_set_client = @saved_cs_client */;

--
-- Dumping data for table `Peliculas`
--

LOCK TABLES `Peliculas` WRITE;
/*!40000 ALTER TABLE `Peliculas` DISABLE KEYS */;
INSERT INTO `Peliculas` VALUES (1,'Sin tiempo para morir',163,'2021-04-02',7.4,'Una joven Madeleine Swann es testigo del asesinato de su madre por Lyutsifer Safin en un intento fallido de asesinar a su padre, el Sr. White. Madeleine dispara a Safin mientras la busca, pero sobrevive. Madeleine huye a un lago congelado cercano y cae a través del hielo, pero Safin la rescata.\nDespués de la captura de Ernst Stavro Blofeld, Madeleine está en Matera con James Bond. Los asesinos de Spectre emboscan a Bond cuando visita la tumba de Vesper Lynd. Aunque Bond y Madeleine superan a los asesinos, Bond cree que Madeleine lo ha traicionado a pesar de sus súplicas y la abandona.\nCinco años después, el científico del MI6, Valdo Obruchev, es secuestrado en un laboratorio del MI6. Aprobado por M, Obruchev ha desarrollado el \'Proyecto Heracles\', un arma biológica que contiene nanobots que infectan como un virus al tacto y están codificados en el ADN específico de un individuo, haciéndolo letal para el objetivo pero inofensivo para otros. Bond se ha retirado a Jamaica, donde es contactado por el agente de la CIA Felix Leiter con su colega Logan Ash. Leiter pide ayuda para localizar a Obruchev, pero Bond se niega. La misma noche, Bond se encuentra con un agente del MI6 llamado Nomi que lo ha sucedido como el nuevo 007. Al ser informado por Nomi sobre el \'Proyecto Heracles\', Bond posteriormente acepta ayudar a Leiter.\nBond va a Cuba y se encuentra con una agente de la CIA llamada Paloma que está aliada con Leiter. Bond y Paloma se infiltran en una reunión de Spectre para el cumpleaños de Blofeld para recuperar a Obruchev. Blofeld, que está usando un \'ojo biónico\' incorpóreo para dirigir la reunión mientras aún está encarcelado en el MI6, ordena a sus miembros que maten a Bond con los nanobots. En cambio, los nanobots matan a todos los miembros de Spectre, ya que Obruchev los había reprogramado para hacerlo por orden de Safin. Bond captura a Obruchev antes de conocer a Leiter y Ash. Sin embargo, se revela que Ash es un agente doble que trabaja para Safin mientras mata a Leiter y escapa con Obruchev.\nMoneypenny y Q organizan una reunión entre Bond y Blofeld en prisión para tratar de localizar a Obruchev. Sin embargo, Safin visita y obliga a Madeleine a infectarse con nanobots para matar a Blofeld, ya que ha estado en contacto con él desde su encarcelamiento. Cuando Bond se encuentra con Madeleine en la celda de la prisión de Blofeld, la toca y, sin saberlo, se infecta antes de que ella se vaya. Durante el interrogatorio, Blofeld le confiesa a Bond que organizó la emboscada en la tumba de Vesper para parecer como si Madeline lo hubiera traicionado. Bond reacciona atacando a Blofeld, provocando involuntariamente que los nanobots lo infecten y lo maten.\nBond rastrea a Madeleine hasta la casa de su infancia en Noruega. Allí se entera de que Madeleine tiene una hija de cinco años llamada Mathilde, que, según ella, no es suya. Madeleine le confiesa a Bond que los padres de Safin fueron asesinados por el padre de Madeleine por orden de Blofeld cuando Safin era un niño, lo que lo llevó a buscar venganza contra Blofeld y Spectre. A pesar de haber logrado matar a Blofeld y destruir a Spectre, Safin continúa su alboroto mientras él, Ash y sus hombres se dirigen a capturar a Bond, Madeleine y Mathilde. Aunque Bond logra matar a Ash y a varios de los hombres de Safin, Safin captura con éxito a Madeleine y Mathilde.\nQ, Bond y Nomi localizan a Safin en una base de la Segunda Guerra Mundial en una isla entre Japón y Rusia. Se infiltran en la sede de Safin y se enteran de que Safin ha convertido la base en una fábrica de nanobots, donde hace que Obruchev cree millones de nanobots para que pueda liberarlos a nivel mundial para matar a millones de personas y establecer un nuevo orden mundial para él. Bond mata a muchos de los hombres de Safin, mientras que Nomi mata a Obruchev empujándolo a una tina de nanobots. Después de rescatar a Madeleine y Mathilde, Bond hace que escapen con Nomi de la isla mientras él se queda atrás para abrir las puertas del silo de la isla, lo que permitiría un ataque con misiles del HMS Dragon para destruir a los nanobots.\nBond mata a los hombres restantes de Safin antes de enfrentarse al mismo Safin; luchan y Safin dispara a Bond antes de infectarlo con nanobots programados para matar a Madeleine y Mathilde. A pesar de sus heridas, Bond mata a Safin y abre los silos. Hablando por radio con Madeleine, Bond le dice que la ama y la anima a seguir adelante sin él, y ella confirma que Mathilde es su hija cuando Bond se despide. Bond acepta su destino cuando los misiles golpean la isla y destruyen la fábrica de nanobots.\nEn el MI6, M, Moneypenny, Q, Tanner y Nomi beben en honor a Bond. La película termina con Madeleine llevando a Mathilde a Matera cuando comienza a contarle sobre Bond.'),(2,'Casino Royale',144,'2006-04-02',8,'La película comienza en una secuencia en blanco y negro en la ciudad de Praga, República Checa, donde James Bond ha localizado a un jefe de sección del MI6, Dryden, que ha estado vendiendo información a enemigos con fines de lucro. Charlan sobre lo que se necesita para ser un agente 00 (uno de los requisitos es realizar dos muertes confirmadas) y Bond le dice a Dryden que su contacto de espionaje, Fisher, murió y \'No bien\'. Intercaladas con la conversación hay escenas en blanco y negro de las peleas de contacto de Bond y Dryden en un baño de hombres. Bond finalmente empuja la cara del hombre hacia un fregadero desbordado y lo mantiene allí hasta que se ahoga.\nDryden apunta con un arma a Bond. \'Vergüenza. Apenas llegamos a conocernos.\' Aprieta el gatillo, pero James ha quitado la munición del arma. \'Sé dónde guardas tu arma. Supongo que eso es algo\'. Dryden continúa burlándose de Bond, preguntándole si sintió algún remordimiento o culpa por haber matado a Fisher. Bond permanece pasivo, su rostro inexpresivo. Dryden dice que Bond \'no tiene por qué preocuparse, la segunda es ...\', momento en el que Bond mata a Dryden, antes de que Dryden tuviera la oportunidad de decir la palabra \'más fácil\'. Bond guarda su pistola diciendo: \'Sí, considerablemente\'. (Aunque no se dijo explícitamente, Bond encontró el asesinato de Dryden, su segundo asesinato de este tipo, \'considerablemente\' más fácil que el primero). En un flashback, Fisher se recupera del intento de Bond de ahogarlo y toma su pistola. El encuadre cambia instantáneamente a la secuencia icónica del \'cañón del arma\' de la serie mientras Bond gira y dispara a Fisher. La sangre corre por el encuadre, lo que provoca los títulos de apertura.\nEn Mbale, Uganda, un grupo de luchadores por la libertad, dirigido por Steven Obanno, está organizando una reunión con Le Chiffre, un banquero privado de grupos terroristas de todo el mundo. Obanno no está seguro de si confiar o no a Le Chiffre con su dinero, pero el Sr. White, el hombre que negocia la reunión, explica que él es solo el tipo que hace la presentación.\nMomentos después, llega un convoy de Land Rover, uno de los cuales lleva a Le Chiffre. Le Chiffre le explica a Obanno que invierte su dinero y manipula las acciones para que obtengan un retorno del 100% de la inversión y les garantiza el acceso a su dinero en cualquier parte del mundo. Obanno acepta permitir que el dinero sea tomado para los nefastos propósitos de Le Chiffre. Mientras el dinero de Obanno se carga en los vehículos de Le Chiffre, Le Chiffre llama a su corredor de bolsa en Londres y le hace vender en corto una gran cantidad de acciones de Skyfleet, a pesar de que el corredor le advierte que está apostando contra el mercado y que todos los pronósticos solo piden los de Skyfleet. existencias para aumentar de valor.\nEn Madagascar, Bond, en su primera misión como \'00\', está trabajando con otro agente, Carter, vigilando a un terrorista, Mollaka, que está apostando a un partido entre una cobra y una mangosta. Carter, el agente socio inexperto de Bond queda expuesto después de que Mollaka recibe una llamada celular y el terrorista sale disparado de la escena. Bond persigue al hombre, que es un \'corredor libre\' experimentado (parkour) que conduce a Bond a través de un sitio de construcción, a varias grúas aéreas y finalmente a la embajada de Nambutu donde busca asilo. Bond entra a la embajada (en contravención directa del derecho internacional y sus órdenes) y atrapa a Mollaka en la oficina del embajador. Bond lo arrastra, luchando por abrirse paso por los pasillos de la embajada, arrojando al hombre por una ventana y hacia un patio. De repente se encuentra rodeado de guardias armados. El embajador aparece y le ordena a Bond que deje ir a Mollaka. Bond dispara al terrorista y un tanque de gasolina cercano y escapa en la explosión. También roba la mochila que llevaba Mollaka. Buscando en la mochila, encuentra una bomba y el teléfono celular de Mollaka. Bond examina brevemente los mensajes del atacante y ve uno con un número de teléfono estadounidense y la palabra \'ELLIPSIS\'. Bond se queda con el teléfono.\nDe vuelta en el MI6, M está furioso porque las acciones violentas de 007 fueron grabadas en video en la embajada de Nambutu. Bond luego irrumpe en la casa de M y piratea su autorización de nivel superior para poder rastrear de dónde se originó la llamada del teléfono celular. Cuando M entra, se sorprende y le da un sermón sobre el protocolo y la conducta adecuados, diciendo que cree que puede haber sido un error promoverlo al estado 00. Bond le asegura que \'la esperanza de vida de un 00 es breve, por lo que su error será de corta duración\'. M le dice que \'la arrogancia y la autoconciencia rara vez van de la mano\' y ella quería que él \'sacara [su] ego de la ecuación\' cuando estaba en una misión. Ella también le dice que se vaya de vacaciones breves hasta que pueda decidir la mejor manera de lidiar con él. Bond ha descubierto que la llamada a Mollaka se originó en un elegante resort de playa en las Bahamas. Bond va allí para investigar quién hizo la llamada y por qué. Termina encontrando a un intermediario, Alex Dmitrios, que resulta ser un secuaz utilizado por Le Chiffre, contratado para encontrar a alguien que pudiera llevar a cabo una tarea para Le Chiffre. Bond conoce a Dmitrios y juega al póquer con él, venciéndolo y ganando su Aston Martin DB5 de 1964.\nBond usa el Aston para arreglar una velada romántica con la esposa rechazada de Dmitrios, Solange, para obtener información sobre su esposo. Ella le dice a Bond que Dmitrios se va a Miami. Bond lo sigue hasta allí donde se enfrenta a Dmitrios en la exposición Body Worlds. Lo ve dejar una bolsa con el personal de guardarropa y también colocar la etiqueta de reclamo en una de las pantallas. Bond mata a Dmitrios cuando lo sostienen a punta de cuchillo, sin embargo, la bolsa desaparece y Bond sigue al hombre, Carlos, contratado como reemplazo de último minuto de Mollaka.\nBond sigue a Carlos al Aeropuerto Internacional de Miami, donde saca un uniforme de seguridad de la bolsa y se lo pone. Se desliza hacia el área segura del aeropuerto y Bond lo sigue, habiendo descubierto que \'ELLIPSIS\' era el código de seguridad para atravesar la puerta. M llama a Bond para decirle que Le Chiffre hará que Carlos destruya un prototipo de avión para una gran aerolínea llamada Skyfleet. El prototipo es el avión de pasajeros más grande del mundo y destruirlo arruinará a Skyfleet. Carlos activa el sistema de rociadores de emergencia en el edificio para provocar un desvío y se desliza hacia el asfalto. Carlos coloca una carga explosiva en un camión cisterna de reabastecimiento de combustible después de matar al conductor (un cameo del director Martin Campbell) y comienza a conducirlo hacia el avión. Sin embargo, Bond logra saltar sobre el camión cisterna. Los dos tienen una pelea feroz en las pistas mientras son perseguidos por la policía de Miami-Dade. Finalmente, Carlos salta del camión y Bond apenas puede evitar que el camión cisterna golpee el avión. Carlos sonríe cuando Bond es arrestado y activa el cargo. Sin embargo, Bond ya descubrió el pequeño artefacto explosivo de Carlos y lo sujetó al cinturón de Carlos durante el combate cuerpo a cuerpo, y Carlos termina suicidándose. Bond sonríe levemente después de la explosión.\nPor teléfono, Le Chiffre recibe la noticia de que Carlos falló y Dmitrios fue asesinado. Supone que alguien habló y frustró su plan.\nAl regresar a Nassau, Bond descubre que Solange había sido torturada, asesinada y atada en una hamaca. M explica que Le Chiffre la torturó y la mató porque era la única que quedaba con vida y supuso que hablaba. El plan de Le Chiffre era \'vender en corto\' cientos de millones de dólares en acciones de Skyfleet y, al destruir su prototipo, hacer que sus acciones cayeran en picado y enviarlas a la bancarrota para poder volver a comprar las acciones a un valor más barato. Gracias a Bond, Le Chiffre ha perdido más de 101,2 millones de dólares. Ahora, un hombre marcado, Le Chiffre debe encontrar otra forma de recuperar el dinero para que sus inversores no lo eliminen. M le dice a Bond que Le Chiffre acaba de organizar una partida de póquer Texas Hold \'Em de altas apuestas en el Casino Royale en Montenegro para 10 jugadores, con una tarifa de entrada de $ 10 millones cada uno más una recompra de $ 5 millones en caso de que pierdan todo su dinero. M hace arreglos para colocar a Bond en el juego como reemplazo de un miembro del sindicato, ya que es el mejor jugador de póquer del MI6. M también tiene un dispositivo de localización plantado en la muñeca izquierda de Bond para que pueda rastrearlo en cualquier lugar.\nEl gobierno británico pondrá el dinero y, mientras Bond está en el tren a Montenegro, lo recibe una joven llamada Vesper Lynd, una agente del Tesoro que ha sido enviada para monitorear a Bond y darle una oportunidad, no debe hacerlo. pierde el dinero. Conversan durante la cena, Vesper comenta sobre su naturaleza fría y Bond comenta cómo Vesper es retentivo.\nAl llegar, se hacen pasar por una pareja casada, Bond se hace pasar por un jugador profesional llamado \'Arlington Beech\' y Vesper como \'Stephanie Broadchest\' (un nombre que ofende a Vesper). Se encuentran con Rene Mathis, su contacto en Montenegro, quien explica que Le Chiffre probablemente no sepa que está bajo vigilancia porque la única persona que lo está monitoreando es el propio Mathis. Ha pasado el tiempo estableciendo sus antiguas relaciones con personas como el jefe de policía local, a quien Mathis ya ha arreglado para arrestar por cargos de soborno.\nAntes de que comience el juego, Bond también compra un vestido sin espalda de color morado oscuro para que lo use Vesper, para proporcionar una distracción durante el juego. También le preocupa que Vesper le haya dado un esmoquin (esmoquin) que parece haber sido hecho a la medida y es de mayor calidad que el de Bond. Esa noche, se dirige al casino y al salón privado, donde le presentan a los otros jugadores, incluido Le Chiffre. Un representante del casino y otro representante de un banco internacional, explican que cada jugador ha depositado $ 10 millones de dólares para su entrada inicial. La tarifa de recompra de $ 5 millones se puede realizar mediante transferencia electrónica. Su dinero se mantiene en un banco suizo en depósito durante la duración del juego y cada uno tiene una contraseña para mantener el dinero seguro. Al finalizar el torneo, el ganador ingresará su contraseña en un teclado de cifrado, que automáticamente transferirá el dinero a cualquier cuenta bancaria en el mundo que elija el ganador. Vesper tiene el número de cuenta, pero solo Bond conoce la contraseña.\nEn primer lugar, Bond deliberadamente hace una llamada mal calculada para descubrir cómo Le Chiffre engaña (su \'señal\' física lo involucra colocando su mano izquierda en su frente cerca de su ojo izquierdo herido), sin embargo Vesper no está para nada impresionado, pensando que Bond es inepto. Después de una larga ronda de manos, se llama un descanso. Bond coloca un dispositivo de rastreo en el inhalador para el asma de Le Chiffre y lleva a Vesper a su habitación.\nLe Chiffre es llamado a su habitación por su novia, Valenka. Sin embargo, Obanno y su secuaz lo confrontan, exigiendo que le devuelvan su dinero. Amenazan con cortar el brazo de Valenka, sin embargo, Le Chiffre no accede. En el pasillo, Bond oye gritar a Valenka. Rápidamente agarra a Vesper y se besan en la entrada de la escalera para cubrirse, sin embargo, el secuaz de Obanno se da cuenta del auricular de Bond y los ataca a ambos. La pelea los lleva al hueco de la escalera, donde el secuaz es arrojado por el hueco de la escalera hasta su muerte, y James y Obanno tienen una pelea atropellada hasta el final de la escalera, Obanno empuñando un machete. Finalmente aterrizando en la parte inferior, Bond pone a Obanno en un estrangulador. Obanno intenta alcanzar la pistola de Bond, pero Vesper se la quita de las manos. Bond finalmente mata a Obanno y le ordena a Vesper que se ponga en contacto con Mathis, quien prepara a uno de los asociados de Le Chiffre para que se haga cargo de los cadáveres colocándolos en el maletero del coche del hombre. Bond termina la sesión de póquer, pero regresa a la habitación para encontrar a Vesper completamente vestida y temblando incontrolablemente en la ducha por la pelea. Se aferra a ella y la consuela.\nAl día siguiente, durante la continuada partida de póquer, Bond pierde todo su dinero con Le Chiffre después de interpretar mal un farol y admite a Vesper que cometió un error. Vesper no le dará el dinero de la recompra diciendo que lo perderá. Furioso, Bond persigue a Le Chiffre pero es detenido por uno de los otros jugadores de póquer, Felix Leiter, el representante de la CIA enviado al partido de póquer para atrapar a Le Chiffre por las mismas razones por las que el MI6 envió a Bond. Leiter le dice a 007 que él mismo lo está haciendo mal en el juego y que apoyará a Bond para volver a ingresar al juego; Leiter cree que Bond puede vencer a Le Chiffre. A cambio, Bond entregará Le Chiffre a la CIA.\nBond vuelve a construir lentamente su banco y una vez más se convierte en una amenaza para Le Chiffre. Le Chiffre hace que Valenka envenene el martini de Bond con digital, lo que hace que Bond sufra una taquicardia severa. Bond va a su automóvil angustiado y, comunicándose con especialistas médicos en la sede del MI6, está a punto de usar el desfibrilador cuando ve que la conexión no está enchufada y se desmaya. Vesper llega, arregla el equipo de desfibrilador y lo devuelve a la vida. Sacudido pero capaz de caminar, Bond regresa al juego. La mano final del juego se reduce a cuatro jugadores, incluidos Bond y Le Chiffre, que van \'all in\', apostando el dinero restante, lo que lleva el \'bote\' a más de 120 millones de dólares. Un jugador tiene color, mientras que otro tiene full.\nBond cena con Vesper, quien recibe una llamada de Mathis que informa que Le Chiffre ha sido detenido por la CIA. Vesper sale del comedor; segundos después, Bond se da cuenta de que está en peligro. Vesper es secuestrado por Le Chiffre. Bond corre tras ellos en su Aston Martin, pero tiene que virar violentamente cuando ve a Vesper tirado en la carretera. El coche rueda varias veces y lo destruye. Le Chiffre y sus compinches lo toman y le quitan el implante guía. Mientras Bond pierde la conciencia, Le Chiffre le dice que Mathis estaba aliado con su enemigo.\nBond y Vesper son llevados a un vapor vagabundo cercano y separados. Bond es desnudado y atado a una silla sin el asiento, dejando sus testículos expuestos. Le Chiffre usa una gran cuerda anudada, golpeando el escroto de Bond, exigiendo la contraseña de la cuenta en la que se han asegurado las ganancias. Bond se niega, a pesar de las amenazas de Le Chiffre de matarlo a él y a Vesper. A través del dolor infligido en él, Bond le dice a Le Chiffre que sus inversores, que ya lo están persiguiendo, lo encontrarán y lo matarán. Le Chiffre contrarresta, diciendo que incluso si asesina a Bond y Vesper, MI: 6 aún lo recibirá debido al conocimiento que posee sobre sus clientes terroristas. Le Chiffre finalmente saca un cuchillo y está a punto de castrar a Bond cuando se escuchan disparos afuera (se insinúa que es el sonido de Valenka siendo asesinado). La puerta se abre y entra el Sr. White, el corredor que presentó a Obanno a Le Chiffre, apuntando con una pistola silenciada directamente a Le Chiffre. Le Chiffre, repentinamente asustado, le suplica, diciendo que asegurará el dinero, a lo que White responde: \'El dinero no es tan importante para nuestra organización como saber en quién confiar\'. White luego dispara fatalmente a Le Chiffre en la frente.\nBond se despierta en una cama de hospital durante una neblina mientras se recupera. Después de que recupera completamente la conciencia, habla con Mathis, a quien cree que fue el responsable de la captura de Vesper y él por parte de Le Chiffre. Aparecen agentes del MI6, taze Mathis y se lo llevan\nVesper visita a Bond y se confiesan su amor. El banquero suizo a cargo de las visitas a la cuenta de ganancias y Bond le da a Vesper la contraseña para ingresar; la contraseña es su propio nombre. Bond renuncia al servicio para irse de vacaciones con Vesper, y navegan a Venecia, Italia, donde Vesper dice que obtendrá el dinero y Bond obtendrá los suministros para el viaje. Cuando M llama al 007 sobre su renuncia, dice que lo discutirán más tarde, pero que primero deben hablar sobre el dinero que se devolverá al gobierno británico, lo que le indica a 007 que Vesper lo estuvo usando todo el tiempo.\nBond sigue a Vesper a una reunión secreta donde ella entrega el dinero, en efectivo, a un hombre llamado Gettler, que ve a Bond cerca. Gettler y algunos de sus hombres se retiran a un edificio que se está renovando y se produce un tiroteo. Bond dispara y rompe las bolsas de flotación que sostienen el edificio por encima del nivel del agua y mata a los hombres. Intenta salvar a Vesper, encerrada en un antiguo ascensor, pero no puede hacerlo después de que ella se suicida ahogándose. Bond recupera su cuerpo y la lleva por encima del agua, pero no puede revivirla. Se ve al Sr. White, que había estado observando la escena, saliendo con la maleta llena de dinero.\nSentado en el velero en el que él y Vesper habían estado de vacaciones, Bond habla con M, quien le informa que Vesper tenía un novio que estaba retenido por la organización de Le Chiffre. Tenía la intención de pagar a los socios de Le Chiffre con el dinero para asegurar la liberación de su novio. M cree que no hay más pistas, que \'la pista se ha enfriado\'. Bond examina el teléfono celular de Vesper y encuentra el número de teléfono del Sr. White, que teoriza que ella le dejó a propósito\nEn el lago de Como, en el norte de Italia, White llega a una exuberante villa. Después de salir de su automóvil, recibe una llamada telefónica de alguien que le dice que \'necesitan hablar\'. Al preguntar quién es la persona que llama, White recibe un disparo repentino en la pierna de un francotirador. Cae al suelo y se arrastra dolorosamente hacia la casa. Mientras intenta subir las escaleras y comienza a sonar el tema familiar de Bond, Bond aparece con un teléfono celular y un rifle HK silenciado. Mientras White mira hacia arriba desafiante, Bond dice \'El nombre es Bond. James Bond\'. Los títulos finales se mueven inmediatamente.'),(3,'Dune',155,'2021-09-17',8.2,'La historia comienza con una mujer que cuenta una parte de la historia de su pueblo en el planeta desértico, Arrakis. La mujer, Chani, es Fremen. Ella explica que desde antes de que ella naciera, el planeta ha sido gobernado por los crueles Harkonnen que se han enriquecido enormemente cosechando la sustancia psicógena \'melange\', también conocida como especia. Los Fremen han intentado expulsar a los Harkonnen, pero fue en vano. Recientemente, sin embargo, el emperador Padishah Shaddam IV ha ordenado a los Harkonnen que abandonen Arrakis. Chani se pregunta quiénes serán los nuevos gobernantes.\nEn el planeta Caladan, Paul Atreides desayuna con su madre, Lady Jessica. Jessica, miembro de la orden cuasirreligiosa de las Bene Gesserit, ha estado intentando enseñarle a su hijo los poderes especiales de su orden. Ella pone a prueba a Paul haciéndole intentar obligarla a pasarle un vaso de agua. Paul tiene sólo un éxito parcial. Paul aprende sobre el planeta Arrakis y su gente. Es la única fuente de la especia psicoactiva, que prolonga la vida y la percepción. Spice es necesario para los viajes interestelares ya que hace posible la conciencia expandida de los navegantes que trazan más rápido que los saltos de luz, \'doblando\' el espacio-tiempo para viajar instantáneamente de un planeta a otro.\nEl padre de Paul, el duque Leto Atreides, junto con el soldado Gurney Halleck y mentat Thufir Hawat, reciben a un enviado imperial que formaliza la adjudicación de Arrakis a la Casa Atreides. El emperador teme el creciente poder político y la popularidad de Leto en el Landsraad, un cónclave de casas nobles. Leto reconoce que su nombramiento para supervisar a Arrakis es una trampa de algún tipo, pero no puede rechazar una oferta imperial. Paul le pide a su amigo, el soldado de élite Duncan Idaho, que lo lleve cuando Duncan vaya a Arrakis con semanas de anticipación para explorar las cosas. Duncan se niega. Paul confiesa que ha estado soñando con Arrakis y los Fremen, incluido uno en el que Duncan cae en batalla. Duncan descarta esto como un simple sueño y le dice a Paul que \'Todo lo importante sucede cuando estamos despiertos\'.\nPaul habla de su deseo de viajar temprano a Arrakis con su padre, pero Leto se niega, diciendo que necesita a Paul a su lado. Explica la situación política: el emperador ha creado un conflicto entre la Casa Atreides y la Casa Harkonnen, una guerra que las debilitará a ambas, en beneficio del Emperador. En cambio, Leto tiene la intención de establecer una alianza con los Fremen con el fin de aprovechar su \'poder del desierto\' para el suyo y burlar al Emperador. Paul expresa sus dudas sobre su capacidad para suceder a su padre como líder. Leto confía sus propias dudas cuando era joven e insiste en que Paul encontrará su camino hacia el liderazgo, tal como lo hizo él.\nGurney tiene una sesión de entrenamiento con Paul, insistiendo en que el joven heredero ducal debe ser más cauteloso con el peligro que representan los Harkonnen y más despiadado en la batalla. Paul comienza a soñar con Chani. La superiora Bene Gesserit de Jessica, la Reverenda Madre Gaius Helen Mohiam llega a Caladan para poner a prueba a Paul. Antes de la reunión es inspeccionado por el médico de Suk Wellington Yueh, quien advierte a Paul que las Bene Gesserit tienen su propia agenda. Mohiam somete a Paul a la prueba del Gom Jabbar, usando una aguja envenenada y una caja que inflige dolor para juzgar su carácter. Después de la prueba, Mohiam le pregunta a Paul sobre sus sueños y si a veces se hacen realidad. Después, Mohiam reprende a Jessica por producir un hijo para el duque Leto, en lugar de las hijas que le habían ordenado que produjera. Acusa a Jessica de pensar que su hijo podría ser el Kwisatz Haderach, el cumplimiento de una profecía mesiánica Bene Gesserit. Jessica confirma esta creencia y Mohiam le advierte que las habilidades de Paul no están completamente desarrolladas y que podría morir en las próximas pruebas. Cuando Mohiam se va, Paul se enfrenta a su madre sobre lo que quiso decir Mohiam. Jessica explica que las Bene Gesserit han pasado cientos de años participando en un programa de cría selectiva para producir una mente incomparable que puede ver tanto el pasado como el futuro.\nLos Atreides llegan a Arrakis. Cuando desembarcan de su barco, los lugareños comienzan a cantar una frase que Paul no puede reconocer. Paul le pregunta a su madre y ella le explica que es una profecía local de Lisan-al-Gaib, la \'voz del mundo exterior\', un mesías profetizado en Arrakis. Jessica dice que creen que Paul podría ser esta figura, pero Paul lo descarta como una mera superstición difundida por la Bene Gesserit. Jessica contrata a un sirviente Fremen, Shadout Mapes. Mapes ve a Jessica y Paul como un cumplimiento del Lisan-al-Gaib y le da a Jessica una daga hecha con el diente de Shai-halud, los inmensos gusanos de arena que hacen que el desierto de Arrakis sea tan peligroso. Esa noche, Paul sobrevive a un intento de asesinato por parte de un dron buscador de cazadores cuando Mapes entra en la habitación, distrayéndolo.\nLeto examina su nuevo dominio y descubre que los Harkonnen han saboteado gran parte de la infraestructura necesaria. Deciden llevar el asunto al árbitro imperial de la transición, un ecologista llamado Liet Kynes, que ha residido en Arrakis durante años. Duncan Idaho regresa de varias semanas viviendo con los Fremen. Le informa al Duque que los Fremen son luchadores incomparables que viven en comunidades conocidas como \'sietchs\' en las cavernas bajo el desierto. Duncan confirma la creencia de Thufir Hawat de que hay muchos más Fremen de los que se creía anteriormente. El líder de uno de estos sietchs, Stilgar, ha venido a reunirse con Leto. Stilgar exige que los forasteros no viajen más allá de la ciudad excepto para minar especias. Leto se niega, pero insiste en que los sietchs permanecerán inviolados y que los Fremen no serán cazados mientras gobiernan los Atreides. Paul invita a Stilgar a quedarse, pero él se va. Duncan presenta a los Atreides algo de tecnología Fremen, incluidos los atuendos y los batidores que ahorran humedad y que se utilizan para atraer a los gusanos de arena.\nEl grupo de Leto se reúne con Liet Kynes para investigar las operaciones de extracción de especias. Ella inspecciona sus trajes de destilación y descubre que Paul se ha ajustado intuitivamente su traje de destilería a la manera de los Fremen. En el idioma nativo ella dice \'Él conocerá tus caminos como si hubiera nacido de ellos\'. La fiesta vuela para observar una operación de extracción de especias. El vehículo minero, un \'rastreador de arena\', ha atraído a un gusano, que es atraído por las vibraciones rítmicas del rastreador mientras recolecta la especia. Cuando un equipaje de mano volador no logra retirar el vehículo minero, el duque Leto aterriza a su pequeño escuadrón de ornitópteros cerca para rescatar a los mineros. Cuando Paul sale para guiar a los mineros adentro, recibe una dosis masiva de especias y tiene una serie de visiones, incluida una de él mismo con Chani. Casi es absorbido por la arena con el rastreador cuando Gurney lo agarra y lo lleva a bordo del ornitóptero de su padre. Los dos observan cómo las enormes fauces dentadas del gusano se abren y se tragan entero al reptador de arena. Más tarde, Paul es examinado por el Dr. Yueh, quien les informa a Paul y a su madre que la especia es psicoactiva pero que no debería dañar a Paul.\nEl duque Leto se despierta por la noche con la sensación de que algo anda mal. Llama a seguridad pero no obtiene respuesta. Encuentra a Mapes muerto a puñaladas y le dispara un dardo paralítico que se abre camino a través de su escudo corporal y en su espalda, paralizándolo. Yueh se revela a sí mismo como un traidor. Ha bajado los escudos y cortado las comunicaciones de Atreides. Gurney se despierta y lidera el contraataque mientras las fuerzas de Harkonnen, ayudadas por las tropas imperiales de Sardukar, comienzan su asalto. Las tropas de Atreides, atrapadas desprevenidas y superadas en número por las tropas de Harkonnen y los Sardukar, se ven rápidamente abrumadas. Duncan mata a varios Sardukar e intenta rescatar a Paul y Jessica, pero descubre que ya se han ido. El barón Vladimir Harkonnen le ha prometido a la Bene Gesserit que no dañará a Paul ni a Jessica, por lo que envía a algunos de sus hombres para que se los lleven y los dejen en el desierto para que mueran por exposición. Paul, que no está completamente seguro de sus habilidades Bene Gesserit, todavía puede usar la Voz para ordenar a uno de los hombres que le quite la mordaza a su madre. Jessica ordena a uno de los hombres que mate a su camarada. Cuando está completamente libre, mata a dos de ellos personalmente. Su ornitóptero se estrella y Paul y Jessica ven la devastación de Arrakeen desde la distancia.\nYueh le revela a Leto que los Harkonnen aseguraron su cumplimiento porque tienen a su esposa cautiva. Reemplaza uno de los dientes del duque Leto con una cápsula de veneno que espera que el duque use para matar al barón. Yueh se reúne con el barón Harkonnen y le exige que respete su parte del trato. El barón promete que Yueh se reunirá con su esposa y luego le degolla. El barón luego se regodea con un Leto paralizado, que muerde su diente falso y expulsa el veneno, matando a todos en la habitación excepto al barón que está gravemente herido. Los técnicos médicos cuidan al barón para que recupere la salud.\nSaliendo de una tormenta en una tienda de campaña de supervivencia, Paul sigue teniendo visiones de su exposición a las especias. Son los primeros de Chani. Sin embargo, rápidamente cambian a visiones de sangrientos conflictos y fanáticos religiosos, operando bajo la bandera de Atreides y bajo el nombre del Duque Leto, extendiéndose por la galaxia \'como un fuego inextinguible\'. Paul está horrorizado por lo que ve y culpa a su madre ya la Bene Gesserit, pero finalmente su madre lo consuela.\nPaul y Jessica son rescatados por Duncan Idaho, quien logró escapar de la masacre. Duncan los lleva a Kynes, quien se ha instalado en una estación de terraformación abandonada ocupada por Fremen. Los Sardukar los siguen hasta allí y atacan, y los Fremen matan a muchos de ellos. Duncan se sacrifica en una última batalla para permitir que Paul, Jessica y Kynes escapen. Paul y Jessica huyen en un ornitóptero. Kynes arma un golpe, con la intención de llamar a un gusano de arena y llevarlo lejos, pero el Sardukar la hiere de muerte. Antes de que puedan dar el golpe mortal, llega un gusano de arena y Kynes lo atrae hacia ella golpeando un parche de arena de tambor. Mientras pilota el ornitóptero a través de una poderosa tormenta de arena, Paul tiene la visión de un hombre Fremen dándole un consejo. Sobreviven a la tormenta de arena, pero con el ornitóptero dañado deben partir a pie por el desierto.\nJessica y Paul se dirigen hacia donde creen que está el sietch Fremen. Sus movimientos atraen a un gusano de arena y corren hacia algunas rocas cercanas. El gusano de arena hace una pausa, aparentemente mirando a Paul, quien se da cuenta de que alguien usó un golpe para alejarlo. Un grupo de Fremen los captura. Stilgar está con ellos y reconoce a Paul, diciendo que no pueden tocarlo. Otro Fremen, Jamis, rechaza la creencia de Stilgar y quiere matar a Paula y Jessica y saquear sus cuerpos. Paul reconoce a Jamis como el hombre de sus visiones. Jessica pide ayuda para regresar a Caladan, diciendo que serán bien recompensados, pero Stilgar descarta cualquier recompensa que darían como inútil. Stilgar se ofrece a permitir que Paul, que todavía es joven, se una a su sietch, pero dice que Jessica, a quien considera demasiado mayor para aprender a luchar, debe quedarse atrás. Jessica y Paul usan su entrenamiento Bene Gesserit para desarmar a la mayoría de los Fremen y sujetar a Stilgar a punta de cuchillo. Stilgar, al darse cuenta de que Jessica es una Bene Gesserit, cede y decide llevarlos a ambos al sietch. Jamis se opone y desafía a Jessica a un duelo. Paul acepta ser el campeón de Jessica. Chani, que es parte del grupo, se apiada de Paul, quien cree que morirá a manos de Jami, y le da una daga hecha con el diente del gusano de arena, un momento de una de las visiones de Paul. En el duelo, Paul supera a Jamis, sosteniéndose repetidamente un cuchillo en su garganta y exigiendo que ceda. Stilgar le informa que los duelos Fremen son a muerte, y Jessica dice que Paul nunca ha matado a nadie antes. A regañadientes, Paul mata a Jamis. Satisfechos, los Fremen llevan a Paul y Jessica de regreso a su sietch. Paul y Jessica ven a un Fremen increíblemente montado en un gusano vivo. Cuando llegan, Chani le dice a Paul que \'esto es solo el comienzo\'.\n'),(4,'Eternals',156,'2021-11-5',6.8,'Los Eternos son una raza de seres inmortales con poderes sobrehumanos que han vivido en secreto en la Tierra durante miles de años. Aunque nunca han intervenido, ahora una amenaza se cierne sobre la humanidad.'),(5,'Una cuestion de tiempo',123,'2013-10-18',7.8,'Cuando Tim Lake cumple 21 años, su padre le dice un secreto: los hombres de su familia pueden viajar por el tiempo. A pesar de que él no puede cambiar la historia, Tim decide mejorar su vida buscando una novia. Él conoce a Mary, se enamora y finalmente se gana su corazón con los viajes en el tiempo y un poco de astucia. Sin embargo, mientras su inusual vida progresa, Tim descubre que su habilidad especial no puede protegerlos de los problemas diarios de la vida.'),(6,'Ultima noche en el Soho',116,'2021-11-19',7.3,'Una joven amante de la moda viaja en el tiempo y termina en Londres en la década de 1960. Allí conoce a su gran ídolo, una cantante. Sin embargo, tiene que descubrir que la vida en ese momento en el Soho es diferente de lo que ella esperaba.'),(7,'La casa Gucci',158,'2021-11-26',7,'Una mirada al asesinato de Maurizio Gucci el 27 de marzo de 1995, nieto heredero de Guccio Gucci, fundador de la famosa marca de lujo italiana. Su futura ex esposa, Patrizia Reggiani, ordenó su asesinato para recibir su parte de la herencia.'),(8,'Clifford, el gran perro rojo',96,'2021-12-09',7,'El amor de una niña por su muñeco llamado Clifford hace que el perro crezca en tamaño.'),(9,'Cadena perpetua',142,'1995-02-24',9.3,'Andy Dufresne es un banquero condenado a cadena perpetua por el asesinato de su mujer y el amante de ésta. Poco a poco se gana el respeto de los demás reclusos y la amistad de Red, que dirige el mercado negro de la prisión. Andy adquiere ciertos privilegios por resolver problemas fiscales a los guardias así como al alcaide, para quien organiza una extensa red de corrupciones políticas. Andy se entera por otro recluso de que el verdadero asesino de su mujer está encerrado en otro penal, por lo que pide que se reabra su caso. El alcaide ordena entonces asesinar a este nuevo recluso para evitar la marcha de Andy y que salgan a la luz sus sucios negocios. A partir de ese momento Andy pierde todos sus privilegios, por lo que decide jugarse el todo por el todo y aprovecha los servicios que el alcaide todavía requiere de él para recuperar su honor y su libertad.'),(10,'El padrino',175,'1995-02-24',9.2,'América, años 40. Don Vito Corleone (Marlon Brando) es el respetado y temido jefe de una de las cinco familias de la mafia de Nueva York. Tiene cuatro hijos: Connie (Talia Shire), el impulsivo Sonny (James Caan), el pusilánime Fredo (John Cazale) y Michael (Al Pacino), que no quiere saber nada de los negocios de su padre. Cuando Corleone, en contra de los consejos de \'Il consigliere\' Tom Hagen (Robert Duvall), se niega a participar en el negocio de las drogas, el jefe de otra banda ordena su asesinato. Empieza entonces una violenta y cruenta guerra entre las familias mafiosas.'),(11,'El caballero oscuro',152,'2008-08-13',9,'Batman (Christian Bale) regresa para continuar su guerra contra el crimen. Con la ayuda del teniente Jim Gordon (Gary Oldman) y del Fiscal del Distrito Harvey Dent (Aaron Eckhart), Batman se propone destruir el crimen organizado en la ciudad de Gotham.'),(12,'El señor de los anillos: El retorno del rey',201,'2003-12-17',8.9,'El ejército de Sauron ha atacado Minas Tirith, la capital de Gondor. Una poderosa amenaza pone en peligro la paz del reino, antaño poderoso y que ahora necesita más que nunca a su rey. Ante esta situación límite, Aragorn se presenta como una figura clave para llevar al reino a la victoria pero, ¿será capaz de cumplir con su destino? Mientras tanto, Gandalf intentará contener a las fuerzas destructoras de Gondor y Théoden pedirá a los guerreros de Rohan que se unan al combate. Sin embargo, a pesar de su valor y lealtad, parece que las fuerzas de los Hombres no serán suficientes para derrotar a las inconmensurables legiones de enemigos que se ciernen sobre el reino. Cada victoria vendrá acompañada de grandes sacrificios y, a pesar de las pérdidas, la Comunidad continúara su batalla por sobrevivir hasta el final. Al mismo tiempo, sus miembros intentarán atraer la atención de Sauron para darle a Frodo la última oportunidad para completar su misión. A medida que atraviesa las tierras enemigas, el joven hobbit, acompañado por su fiel amigo Sam y el misterioso Gollum, tratará de evitar sucumbir a las continuas tentaciones del Anillo Único.'),(13,'Piratas del Caribe: En el fin del mundo',168,'2007-05-24',7.1,'Will Turner (Orlando Bloom) y Elizabeth Swann (Keira Knightley) unen fuerzas con el Capitán Barbossa (Geoffrey Rush) para liberar a Jack Sparrow (Johnny Depp) del encierro de Davy Jones. Mientras tanto, la tripulación del barco fantasma El Holandés Volador causa estragos en los Siete Mares. Los amigos deben navegar a través de aguas peligrosas para enfrentarse al pirata chino Sao Feng (Chow Yun-Fat) y, finalmente, ellos deben decidir un lado de la batalla cuando está en juego la vida del pirata.\n'),(14,'Charlie y la fábrica de chocolate',115,'2005-08-12',6.6,'Charlie Bucket, un niño de una familia muy pobre, gana un concurso, junto a otros cuatro niños, para disfrutar de una visita a la gigantesca fábrica de chocolate dirigida por Willy Wonka y su equipo de Oompa-Loompas.'),(15,'El planeta de los simios',119,'2001-08-31',5.7,'En una misión rutinaria, el astronauta Leo Davidson pierde el control de su nave y aterriza en un extraño planeta, gobernado por una raza de simios cuya inteligencia es similar a la de los seres humanos, a los que tienen esclavizados.'),(16,'Oblivion',124,'2013-04-12',7,'Hace 60 años la Tierra quedó devastada tras la guerra con los alienígenas. A día de hoy, sus únicos habitantes son Jack Harper, que hace \'drones\' que extraen recursos para la colonia humana en Titán, y Victoria Olsen, responsable de comunicaciones.'),(17,'Mission: Impossible',110,'1996-07-05',7.1,'Ethan Hunt es un espía capaz de llevar a cabo las misiones más peligrosas con la máxima eficacia. Ahora debe participar en una dificilísima misión: evitar la venta de un disco robado que contiene información secreta de importancia vital.'),(18,'Gladiator',153,'2000-05-17',8.5,'El general romano Máximo es el soporte más leal del emperador Marco Aurelio, que lo ha conducido de victoria en victoria. Sin embargo, Cómodo, el hijo de Marco Aurelio, está celoso del prestigio de Máximo y aún más del amor que su padre siente por él.'),(19,'Titanic',194,'1998-01-08',7.8,'Jack es un joven artista que gana un pasaje para viajar a América en el Titanic, el transatlántico más grande y seguro jamás construido.'),(20,'El renacido',156,'2016-02-05',8,'Hugh Glass, un trampero y explorador de finales del siglo XIX resulta herido de muerte por el ataque de un oso. Sus compañeros deciden dejarle para proseguir con la expedición.');
/*!40000 ALTER TABLE `Peliculas` ENABLE KEYS */;
UNLOCK TABLES;

--
-- Table structure for table `PersPeli`
--

DROP TABLE IF EXISTS `PersPeli`;
/*!40101 SET @saved_cs_client     = @@character_set_client */;
/*!40101 SET character_set_client = utf8 */;
CREATE TABLE `PersPeli` (
  `PersonaID` int(11) DEFAULT NULL,
  `PeliculaID` int(11) DEFAULT NULL,
  KEY `PersonaID_idx` (`PersonaID`),
  KEY `PeliculaID_idx` (`PeliculaID`),
  CONSTRAINT `IDPeli` FOREIGN KEY (`PeliculaID`) REFERENCES `Peliculas` (`PeliculaID`) ON DELETE NO ACTION ON UPDATE NO ACTION,
  CONSTRAINT `IDPers` FOREIGN KEY (`PersonaID`) REFERENCES `Persona` (`PersonaID`) ON DELETE NO ACTION ON UPDATE NO ACTION
) ENGINE=InnoDB DEFAULT CHARSET=utf8mb4 COLLATE=utf8mb4_unicode_ci;
/*!40101 SET character_set_client = @saved_cs_client */;

--
-- Dumping data for table `PersPeli`
--

LOCK TABLES `PersPeli` WRITE;
/*!40000 ALTER TABLE `PersPeli` DISABLE KEYS */;
INSERT INTO `PersPeli` VALUES (1,1),(2,1),(3,1),(4,1),(5,1),(6,1),(7,1),(8,1),(1,2),(9,2),(10,2),(8,2),(11,2),(12,2),(13,2),(21,2),(14,3),(15,3),(16,3),(17,3),(18,3),(19,3),(20,3),(22,4),(23,4),(24,4),(25,4),(92,5),(94,5),(95,5),(96,5),(97,5),(26,6),(27,6),(28,6),(29,6),(30,6),(31,7),(32,7),(33,7),(34,7),(25,7),(35,7),(36,8),(37,8),(38,8),(39,8),(40,8),(41,9),(42,9),(43,9),(44,9),(45,9),(46,10),(33,10),(47,10),(48,10),(49,10),(50,11),(51,11),(53,11),(42,11),(54,11),(55,12),(56,12),(57,12),(58,12),(59,13),(58,13),(60,13),(61,13),(62,13),(59,14),(64,14),(65,14),(66,14),(67,14),(68,14),(69,15),(66,15),(70,15),(71,15),(68,15),(72,15),(73,16),(42,16),(74,16),(75,16),(76,16),(73,17),(77,17),(78,17),(79,17),(80,17),(81,18),(82,18),(83,18),(84,18),(35,18),(85,19),(86,19),(87,19),(88,19),(89,19),(86,20),(90,20),(91,20),(92,20),(93,20),(98,4);
/*!40000 ALTER TABLE `PersPeli` ENABLE KEYS */;
UNLOCK TABLES;

--
-- Table structure for table `Persona`
--

DROP TABLE IF EXISTS `Persona`;
/*!40101 SET @saved_cs_client     = @@character_set_client */;
/*!40101 SET character_set_client = utf8 */;
CREATE TABLE `Persona` (
  `PersonaID` int(11) NOT NULL,
  `NombreCompleto` varchar(150) COLLATE utf8mb4_unicode_ci DEFAULT NULL,
  `Fecha_Nacimiento` varchar(20) COLLATE utf8mb4_unicode_ci DEFAULT NULL,
  `Descripcion` mediumtext COLLATE utf8mb4_unicode_ci DEFAULT NULL,
  `IMG` varchar(350) COLLATE utf8mb4_unicode_ci DEFAULT NULL,
  PRIMARY KEY (`PersonaID`)
) ENGINE=InnoDB DEFAULT CHARSET=utf8mb4 COLLATE=utf8mb4_unicode_ci;
/*!40101 SET character_set_client = @saved_cs_client */;

--
-- Dumping data for table `Persona`
--

LOCK TABLES `Persona` WRITE;
/*!40000 ALTER TABLE `Persona` DISABLE KEYS */;
INSERT INTO `Persona` VALUES (1,'Daniel Craig','1968-03-02','One of the British theatre\'s most famous faces, Daniel Craig, who waited tables as a struggling teenage actor with the National Youth Theatre, has gone on to star as James Bond in Casino Royale (2006), Quantum of Solace (2008), Skyfall (2012), Spectre (2015), and Sin tiempo para morir (2021).','https://static.wikia.nocookie.net/esstarwars/images/9/98/DanielCraig.jpg/revision/latest/top-crop/width/360/height/450?cb=20210302171204'),(2,'Cary Joji Fukunaga','1977-07-10','Cary Joji Fukunaga was born on July 10, 1977 in Oakland, California, USA. He is a producer and director, known for Beasts of No Nation (2015), Sin nombre (2009) and Sin tiempo para morir (2021).','https://images.mubicdn.net/images/cast_member/16028/cache-388-1603612353/image-w856.jpg?size=800x'),(3,'Ana de Armas','1988-04-30','Ana de Armas was born in Cuba on April 30, 1988. At the age of 14, she began her studies at the National Theatre School of Havana, where she graduated after 4 years. At the age of 16, she made her first film, Una rosa de Francia (2006), directed by Manuel Gutiérrez Aragón. A few titles came after until she moved to Spain, where she continued her film career, and started on TV. In 2014 she moved to Los Angeles. She has appeared in films such as Juego de armas (2016), Manos de Piedra (2016) and Blade Runner 2049 (2017).','https://imagenes.elpais.com/resizer/ixZ5lba4weNkjZC9MZdkEgaEfI4=/1960x0/cloudfront-eu-central-1.images.arcpublishing.com/prisa/OKZQPDFD7BGVTLWB45IQO7IGDU.jpg'),(4,'Rami Malek','1981-05-12','Rami Said Malek (born May 12, 1981) is an American actor. He won a Critics\' Choice Award and the Primetime Emmy Award for Outstanding Lead Actor in a Drama Series for his lead role as Elliot Alderson in the USA Network television series Mr. Robot. He also received Golden Globe Award, Screen Actors Guild Award, and TCA Award nominations.','https://static.wikia.nocookie.net/doblaje/images/1/18/Rami_Malek_2019.jpg/revision/latest?cb=20190628193203&path-prefix=es'),(5,'Lea Seydoux','1985-07-01','French actress Léa Seydoux was born in 1985 in Paris, France, to Valérie Schlumberger, a philanthropist, and Henri Seydoux, a businessman. Her grandfather, Jérôme Seydoux, is chairman of Pathé, and her father is a great-grandson of businessman and inventor Marcel Schlumberger (her mother also descends from the Schlumberger family). Her parents are both of mixed French and Alsatian German descent, with more distant Venezuelan (Spanish, Basque) roots on her father\'s side.','https://cdn2.vogue.es/uploads/images/thumbs/201529/lea_seydoux_9578_620x.jpg'),(6,'Lashana Lynch','1987-11-27','Lashana Lynch (born 27 November 1987) is a British actress. She plays the leading role of Rosaline in the ABC period drama series Still Star-Crossed.\nLynch is a graduate of the BA Acting course at ArtsEd drama school in London. She made her film debut in the 2011 drama film Fast Girls. She later co-starred in the BBC television film The 7.39. On television, she also has appeared in Silent Witness, Death in Paradise, and was regular cast member on the short-lived BBC comedy Crims in 2015.\n','https://smoda.elpais.com/wp-content/uploads/2019/07/cover-lashana-lynch.jpg'),(7,'Ralph Fiennes','1962-12-22','Actor Ralph Nathaniel Twisleton-Wykeham-Fiennes was born on December 22, 1962 in Suffolk, England, to Jennifer Anne Mary Alleyne (Lash), a novelist, and Mark Fiennes, a photographer. He is the eldest of six children. Four of his siblings are also in the arts: Martha Fiennes, a director; Magnus Fiennes, a musician; Sophie Fiennes, a producer; and Joseph Fiennes, an actor. He is of English, Irish, and Scottish origin.','https://es.web.img2.acsta.net/pictures/14/12/05/16/01/227338.jpg'),(8,'Jeffrey Wright','1965-12-7','Actor Ralph Nathaniel Twisleton-Wykeham-Fiennes was born on December 22, 1962 in Suffolk, England, to Jennifer Anne Mary Alleyne (Lash), a novelist, and Mark Fiennes, a photographer. He is the eldest of six children. Four of his siblings are also in the arts: Martha Fiennes, a director; Magnus Fiennes, a musician; Sophie Fiennes, a producer; and Joseph Fiennes, an actor. He is of English, Irish, and Scottish origin.','https://es.web.img3.acsta.net/pictures/15/09/28/16/44/567950.jpg'),(9,'Eva Green','1980-07-06','French actress and model Eva Gaëlle Green was born on July 6, 1980, in Paris, France. Her father, Walter Green, is a dentist who appeared in the 1966 film Al azar de Baltasar (1966). Her mother, Marlène Jobert, is an actress turned children\'s book writer. Eva\'s mother was born in Algeria, of French, Spanish, and Sephardi Jewish heritage (during that time, Algeria was part of France), and Eva\'s father is of Swedish, French, and Breton descent.','https://cloudfront-us-east-1.images.arcpublishing.com/eluniverso/SD2CD6DDVZD3BMSHAGKQPVUWDA.jpg'),(10,'Judi Dench','1934-12-09','Dame Judi Dench was born Judith Olivia Dench in York, England, to Eleanora Olive (Jones), who was from Dublin, Ireland, and Reginald Arthur Dench, a doctor from Dorset, England. She attended Mount School in York, and studied at the Central School of Speech and Drama. She has performed with the Royal Shakespeare Company, the National Theatre, and at Old Vic Theatre. She is a ten-time BAFTA winner including Best Actress in a Comedy Series for A Fine Romance (1981) in which she appeared with her husband, Michael Williams, and Best Supporting Actress in Un puñado de polvo (1988) and Una habitación con vistas (1985).','https://m.guiadelocio.com/var/guiadelocio.com/storage/images/cine/personajes/judi-dench/5657984-23-esl-ES/judi-dench.jpg'),(11,'Mads Mikkelsen','1965-11-22','Mads Mikkelsen\'s great successes parallel those achieved by the Danish film industry since the mid-1990s. He was born in Østerbro, Copenhagen, to Bente Christiansen, a nurse, and Henning Mikkelsen, a banker.\nStarting out as a low-life pusher/junkie in the 1996 success Pusher: un paseo por el abismo (1996), he slowly grew to become one of Denmark\'s biggest movie actors. The success in his home country includes Luces parpadeantes (2000), En kort en lang (2001) and the Emmy-winning police series Rejseholdet (2000).','https://media.revistagq.com/photos/606f0883291b1dc551b3c997/3:4/w_1893,h_2524,c_limit/GettyImages-1229043964.jpg'),(12,'Giancarlo Giannini','1942-08-01','Giancarlo Giannini is an Oscar-nominated Italian actor, director and multilingual dubber who made an international reputation for his leading roles in Italian films as well as for his mastery of a variety of languages and dialects.\nHe was born August 1, 1942, in La Spezia, Italy. For 10 years he lived and studied in Naples, earning a degree in electronics. At 18 he enrolled in the Academy of Dramatic Art D\'Amico in Rome and made his stage acting debut there. His credits included performances in contemporary Italian plays as well, as in Italian productions of William Shakespeare\'s plays \'Romeo and Juliet\' and \'A Midsummer\'s Night Dream\'.','https://decine21.com/img/upload/perfiles/giancarlo-giannini-5612/giancarlo-giannini-2-2261-c.jpg'),(13,'Caterina Murino','1977-09-15','Caterina Murino was born on September 15, 1977, in Cagliari, Sardinia, Italy. In 1996 she took fourth place in the Miss Italy contest. Then she moved to Milan, where she began working as a model in commercials for MasterCard, Swatch, Mercedes-Benz and Nescafe, among other gigs. From 1999-2000 she studied acting at the Scuola di Cinema e Teatro di Francesca de Sapio in Italy.','https://m.media-amazon.com/images/M/MV5BMTI0MzIwMzc0OV5BMl5BanBnXkFtZTYwNTEwMTk0._V1_UY1200_CR85,0,630,1200_AL_.jpg'),(14,'Timothee Chamalet','1995-12-27','Timothée Hal Chalamet was born in Manhattan, to Nicole Flender, a real estate broker and dancer, and Marc Chalamet, a UNICEF editor. His mother, who is from New York, is Jewish, of Russian Jewish and Austrian Jewish descent. His father, who is from Nîmes, France, is of French and English ancestry. He is the brother of actress Pauline Chalamet, a nephew of director Rodman Flender, and a grandson of screenwriter Harold Flender.','https://e00-telva.uecdn.es/assets/multimedia/imagenes/2021/09/16/16317870417608.jpg'),(15,'Rebecca Ferguson','1983-19-19','Rebecca Ferguson was born Rebecca Louisa Ferguson Sundström in Stockholm, Sweden, and grew up in its Vasastaden district. Her father is Swedish. Her mother, Rosemary Ferguson, is British, of Scottish and Northern Irish descent, and moved to Sweden at the age of 25. Rebecca attended an English-speaking school in Sweden and was raised bilingual, speaking Swedish and English. As a student, she attended the Adolf Fredrik\'s Music School in Stockholm and graduated in 1999.','https://images.mubicdn.net/images/cast_member/350615/cache-128294-1533458422/image-w856.jpg?size=800x'),(16,'Zendaya Maree Stoermer Coleman','1996-09-01','Zendaya (which means \'to give thanks\' in the language of Shona) is an American actress and singer born in Oakland, California. She began her career appearing as a child model working for Macy\'s, Mervyns and Old Navy. She was a backup dancer before gaining prominence for her role as Rocky Blue on the Disney Channel sitcom Shake It Up! (2010) which also includes Bella Thorne, Kenton Duty and Roshon Fegan. Zendaya was a contestant on the sixteenth season of the competition series Dancing with the Stars.','https://hips.hearstapps.com/hmg-prod.s3.amazonaws.com/images/5elle-zendaya-vestido-efecto-mojado-venecia-1630695273.jpg'),(17,'Oscar Isaac','1996-09-01','Oscar Isaac was born Óscar Isaac Hernández Estrada in Guatemala, to a Guatemalan mother, María Eugenia, and a Cuban father, Oscar Gonzalo Hernández-Cano, a pulmonologist. Oscar was raised in Miami, Florida. Before he became an actor, he played lead guitar and sang vocals in his band the Blinking Underdogs. He graduated from the Juilliard School in 2005.','https://hips.hearstapps.com/hmg-prod.s3.amazonaws.com/images/in-this-handout-photo-provided-by-a-m-p-a-s-oscar-isaac-news-photo-1603777813.jpg?crop=1.00xw:0.753xh;0,0.0504xh&resize=1200:*'),(18,'Jason Momoa','1979-08-01','Joseph Jason Namakaeha Momoa was born on August 1, 1979, in Honolulu, Hawaii. He is the son of Coni (Lemke), a photographer, and Joseph Momoa, a painter. His father is of Native Hawaiian and Samoan descent; and his mother, who is from Iowa, is of German, Irish, and Native American ancestry. Jason was raised in Norwalk, Iowa, by his mother. After high school, he moved to Hawaii, where he landed a lead role, beating out of thousands of hopefuls in the TV series Los vigilantes de la playa (1989) (known as \'Baywatch Hawaii\' in its 10th season).','https://hips.hearstapps.com/hmg-prod.s3.amazonaws.com/images/jason-momoa-arrives-at-the-premiere-of-warner-bros-pictures-news-photo-1605175456.'),(19,'Stellan Skarsgård','1951-06-13','Stellan Skarsgård was born in Gothenburg, Västra Götalands län, Sweden, to Gudrun (Larsson) and Jan Skarsgård. He became a star in his teens through the title role in the TV-series Bombi Bitt och jag (1968). Between the years 1972-88 he was employed at The Royal Dramatic Theatre in Stockholm, where he participated in \'Vita rum\' (1988), August Strindberg\'s \'Ett drömspel\' (1986) and \'Mäster Olof\' (1988). Simultaneously Skarsgård did outstanding film roles, notably in El asesino cándido (1982) by Hans Alfredson and with Fred Ward in American Playhouse: Noon Wine (1985).','https://static.wikia.nocookie.net/millenniumtrilogy/images/1/18/StellanSkarsgard.jpg/revision/latest?cb=20120130235310&path-prefix=es'),(20,'Denis Villeneuve','1967-10-03','Denis Villeneuve is a French Canadian film director and writer. He was born in 1967, in Trois-Rivières, Québec, Canada. He started his career as a filmmaker at the National Film Board of Canada. He is best known for his feature films La llegada (2016), Sicario (2015), Prisioneros (2013), Enemy (2013), and Incendios (2010). He is married to Tanya Lapointe.','https://m.media-amazon.com/images/M/MV5BMzU2MDk5MDI2MF5BMl5BanBnXkFtZTcwNDkwMjMzNA@@._V1_.jpg'),(21,'Martin Campbell','1943-10-24','Martin Campbell knows how to entertain an audience when he steps behind the camera. When he directed La máscara del Zorro (1998), the movie earned Academy Award and Golden Globe nominations and launched the international careers of Antonio Banderas and Catherine Zeta-Jones. Next, when he helmed Límite vertical (2000), the film was well received by the critics and earned over $200 million in worldwide box-office sales. In addition, Campbell is credited with rejuvenating the James Bond franchise when he directed GoldenEye (1995), Pierce Brosnan\'s first outing as the famed British spy, which went on to gross more than $350 million. He also directed Daniel Craig\'s debut Bond feature as well, Casino Royale (2006).','https://images.mubicdn.net/images/cast_member/16871/cache-6452-1478101707/image-w856.jpg?size=800x'),(22,'Gemma Chan','1982-11-29','Gemma Chan (born 29 November 1982) is a British film, television, and theatre actress and former fashion model. She played Charlotte in season four of the Showtime and ITV2 series El diario secreto de Hannah (2007); Ruth in Channel 4\'s Fresh Meat (2011); Mia Bennett in Doctor Who: The Waters of Mars (2009), and Soo Lin in Sherlock: The Blind Banker (2010). She also appeared in the feature films Exam (2009) and Paramount Pictures\' action-thriller Jack Ryan: Operación Sombra (2014). Chan made a film for Amnesty International to celebrate the 60th anniversary of the Universal Declaration of Human Rights.','https://m.media-amazon.com/images/M/MV5BYTI3ZDEwYjktZjVhYS00NTlhLTkwOWEtNjM1MzEyMWU5M2QyXkEyXkFqcGdeQXVyMTE3ODY2Nzk@._V1_.jpg'),(23,'Richard Madden','1986-06-18','Richard Madden, born 18 June 1986, is a Scottish stage, film, and television actor best known for portraying Robb Stark in the HBO series \'Game of Thrones\' and Prince Kit in Disney\'s \'Cinderella.\' Starring as David Budd in the BBC miniseries \'Bodyguard\' has also brought him more international acclaim and attention including a Golden Globe and other nominations. Despite his seemingly overnight success, Madden has been acting since he was in his teens, with only a brief break where he focused on school.','https://static.wikia.nocookie.net/marvelcinematicuniverse/images/8/8e/Richard_Madden.png/revision/latest/top-crop/width/360/height/450?cb=20190721023857&path-prefix=es'),(24,'Angelina Jolie','1975-06-04','Angelina Jolie es una actriz ganadora de un Oscar que saltó a la fama después de su papel en Inocencia interrumpida (1999), interpretando el papel principal en las películas taquilleras de \'Lara Croft\', así como en Sr. y Sra. Smith (2005), Wanted (Se busca) (2008), Salt (2010) y Maléfica (2014). Fuera de la pantalla, Jolie se ha involucrado de manera destacada en proyectos de caridad internacionales, especialmente aquellos que involucran a refugiados. A menudo aparece en muchas listas de \'mujeres más bellas\' y tiene una vida personal que es cubierta con avidez por la prensa sensacionalista.','https://hips.hearstapps.com/hmg-prod.s3.amazonaws.com/images/angelina-jolie-extensones-2-1635262133.jpg'),(25,'Salma Hayek','1966-09-02','Salma Hayek was born on September 2, 1966 in Coatzacoalcos, Mexico. Her father\'s of Lebanese descent & her mother\'s of Mexican/Spanish ancestry. After having seen Un mundo de fantasía (1971) in a local movie theater, she decided she wanted to become an actress. At 12, she was sent to the Academy of the Sacred Heart in New Orleans, Louisiana. After attending Mexico City\'s Universidad Iberoamericana, she felt ready to pursue acting seriously.','https://media.vogue.mx/photos/616ea9a2d57872f331cc340f/3:4/w_1777,h_2369,c_limit/salma-hayek-actriz-mexicana.jpg'),(26,'Thomasin McKenzie','2000-07-26','Thomasin McKenzie was born on July 26, 2000 in Wellington, New Zealand as Thomasin Harcourt McKenzie. She is an actress, known for No dejes rastro (2018), Jojo Rabbit (2019) and Última noche en el Soho (2021).','https://upload.wikimedia.org/wikipedia/commons/thumb/6/6a/Thomasin_McKenzie_during_an_interview%2C_November_2019.png/640px-Thomasin_McKenzie_during_an_interview%2C_November_2019.png'),(27,'Anya Taylor-Joy','1996-04-16','Anya-Josephine Marie Taylor-Joy (born 16 April 1996) is a British-American actress. She is best known for her roles as Beth Harmon in Gambito de dama (2020), Thomasin in the period horror film La bruja: Una leyenda de Nueva Inglaterra (2015), as Casey Cooke in the horror-thriller Múltiple (2016), and as Lily in the black comedy thriller Purasangre (2017). She has been the recipient of the Cannes Film Festival\'s Trophée Chopard and was nominated for the BAFTA Rising Star Award.','https://cdn-3.expansion.mx/dims4/default/3faa396/2147483647/strip/true/crop/1000x1499+0+0/resize/1800x2698!/format/webp/quality/90/?url=https%3A%2F%2Fcdn-3.expansion.mx%2F24%2F66%2F32bc69e84c90ad223239af88b3c7%2Fanya-taylor.jpg'),(28,'Matt Smith','1982-10-28','Matt Smith is an English actor who shot to fame in the UK aged 26 when he was cast by producer Steven Moffat as the Eleventh Doctor in the BBC\'s iconic science-fiction adventure series Doctor Who (2005).\nMatthew Robert Smith was born and raised in Northampton, the son of Lynne (Fidler) and David Smith. He was educated at Northampton School For Boys. He studied Drama and Creative Writing at the University of East Anglia. He got into acting through the National Youth Theatre and performed with the Royal Court and the National Theatre.','https://static.wikia.nocookie.net/doblaje/images/f/f8/Screenshot_20201031-224147~2.png/revision/latest?cb=20201101014517&path-prefix=es'),(29,'Diana Rigg','1938-07-20','British actress Dame Diana Rigg was born on July 20, 1938 in Doncaster, Yorkshire, England. She has had an extensive career in film and theatre, including playing the title role in \'Medea\', both in London and New York, for which she won the 1994 Tony Award for Best Actress in a Play.','https://upload.wikimedia.org/wikipedia/commons/e/e3/Diana_Rigg_1973_Cropped.jpg'),(30,'Edgar Wright','1974-04-18','Edgar Howard Wright (born 18 April 1974) is an English director, screenwriter, producer, and actor. He is best known for his comedic Three Flavours Cornetto film trilogy consisting of Shaun of the Dead (2004), Hot Fuzz (2007), and The World\'s End (2013), made with recurrent collaborators Simon Pegg, Nira Park and Nick Frost. He also collaborated with them as the director of the television series Spaced.','https://static.independent.co.uk/2021/10/25/11/newFile-8.jpg?width=982&height=726&auto=webp&quality=75'),(31,'Stefani Joanne Angelina Germanotta','1986-03-28','Lady Gaga, born Stefani Joanne Angelina Germanotta, is an American songwriter, singer, actress, philanthropist, dancer and fashion designer.\nGaga was born on March 28, 1986 in Manhattan, New York City, to Cynthia Louise (Bissett), a philanthropist and business executive, and Joseph Anthony Germanotta, Jr., an internet entrepreneur. Her father is of Italian descent; and her mother, who is from West Virginia, is of half Italian and half French, English, German, and Scottish ancestry. Gaga was able to sing and play the piano from a young age. She attended the Convent of the Sacred Heart from age 11 where was bullied for her appearance (she was small and plumper than other girls with large front teeth) and eccentric habits.','https://upload.wikimedia.org/wikipedia/commons/2/2c/Lady_Gaga_interview_2016.jpg'),(32,'Adam Driver','1983-11-19','Adam Douglas Driver was born in San Diego, California. His mother, Nancy (Needham) Wright, is a paralegal from Mishawaka, Indiana, and his father, Joe Douglas Driver, who has deep roots in the American South, is from Little Rock, Arkansas. His stepfather is a Baptist minister. His ancestry includes Dutch, English, German, Irish and Scottish. Driver was raised in Mishawaka after his parents\' divorce, attending Mishawaka High School, where he appeared in plays. After 9/11, he enlisted in the Marines, serving for more than two years before being medically discharged after he suffered an injury, which prevented him from being deployed.','https://upload.wikimedia.org/wikipedia/commons/thumb/4/4d/Star_Wars-_The_Last_Jedi_Japan_Premiere_Red_Carpet-_Adam_Driver_%2827163437599%29_%28cropped%29.jpg/235px-Star_Wars-_The_Last_Jedi_Japan_Premiere_Red_Carpet-_Adam_Driver_%2827163437599%29_%28c'),(33,'Alfredo James','1940-04-25','Alfredo James \'Al\' \'Pacino established himself as a film actor during one of cinema\'s most vibrant decades, the 1970s, and has become an enduring and iconic figure in the world of American movies.\nHe was born April 25, 1940 in Manhattan, New York City, to Italian-American parents, Rose (nee Gerardi) and Sal Pacino. They divorced when he was young. His mother moved them into his grandparents\' home in the South Bronx. Pacino found himself often repeating the plots and voices of characters he had seen in the movies. Bored and unmotivated in school, he found a haven in school plays, and his interest soon blossomed into a full-time career. Starting onstage, he went through a period of depression and poverty, sometimes having to borrow bus fare to succeed to auditions.','https://static.wikia.nocookie.net/shafar/images/1/13/Al-pacino.png/revision/latest?cb=20190212212654'),(34,'Jared Leto','1971-12-26','Jared Leto is a very familiar face in recent film history. Although he has always been the lead vocals, rhythm guitar, and songwriter for American band Thirty Seconds to Mars, Leto is an accomplished actor merited by the numerous, challenging projects he has taken in his life. He is known to be selective about his film roles.','https://upload.wikimedia.org/wikipedia/commons/thumb/0/00/Jared_Leto%2C_San_Diego_Comic_Con_2016_%282%29.jpg/1200px-Jared_Leto%2C_San_Diego_Comic_Con_2016_%282%29.jpg'),(35,'Ridley Scoot','1937-11-30','Described by film producer Michael Deeley as \'the very best eye in the business\', director Ridley Scott was born on November 30, 1937 in South Shields, Tyne and Wear (then County Durham). His father was an officer in the Royal Engineers and the family followed him as his career posted him throughout the United Kingdom and Europe before they eventually returned to Teesside. Scott wanted to join the Royal Army (his elder brother Frank had already joined the Merchant Navy) but his father encouraged him to develop his artistic talents instead and so he went to West Hartlepool College of Art and then London\'s Royal College of Art where he helped found the film department.','https://fotografias.antena3.com/clipping/cmsimages02/2020/09/07/DFE92D04-A368-497A-B2FA-006755F81158/98.jpg?crop=1920,1080,x0,y0&width=1900&height=1069&optimize=high&format=webply'),(36,'Darby Camp','2007-07-14','Darby Camp began acting as a toddler alongside her mother and older sister. Together they were seen in local commercials and print ads in their hometown of Charlotte, NC. By the time Darby was eight years old it was evident her gift for acting was best served in film and television. She spent two seasons as the sassy Chloe McKenzie in the Emmy-winning HBO series, Big Little Lies (2017). You can watch her now on Netflix alongside Kurt Russell in Crónicas de Navidad (2018) and Crónicas de Navidad 2 (2020). Her latest project is Paramount\'s Clifford, el gran perro rojo (2021) where she stars as Emily Elizabeth. When Darby isn\'t acting, she\'s most likely enjoying the slow pace of southern living with her family, friends and beloved pets.','https://664794-2175517-raikfcquaxqncofqfm.stackpathdns.com//wp-content/uploads/2020/11/Darby-Camp.jpg'),(37,'Jack Whitehall','1988-07-07','Jack Whitehall was a child actor in various television dramas, but decided to pursue stand-up comedy after leaving school. He was a finalist in the So You Think You\'re Funny talent hunt at last year\'s Edinburgh Fringe, and was nominated for best newcomer at this year\'s Chortle Awards. In December 2012 he was awarded the title King of Comedy by the British Comedy Awards, perhaps his most prestigious award yet.','https://www.themoviedb.org/t/p/w300_and_h450_bestv2/8xRKz1tiVyjLxIMuD0ckOmF3xMY.jpg'),(38,'Izaac Wang','2007-10-22','Izaac Wang was born on October 22, 2007 in Minnesota, USA as Izaac Lushan Wang. He is an actor, known for Raya y el último dragón (2021), Chicos buenos (2019) and Clifford, el gran perro rojo (2021).','https://static.wikia.nocookie.net/walt-disney-animation-studios/images/9/9d/Izaac-Wang~bio.jpg/revision/latest/scale-to-width-down/667?cb=20210416161104'),(39,'John Cleese','1939-10-27','John Cleese was born on October 27, 1939, in Weston-Super-Mare, England, to Muriel Evelyn (Cross) and Reginald Francis Cleese. He was born into a family of modest means, his father being an insurance salesman; but he was nonetheless sent off to private schools to obtain a good education. Here he was often tormented for his height, having reached a height of six feet by the age of twelve, and eventually discovered that being humorous could deflect aggressive behavior in others. He loved humor in and of itself, collected jokes, and, like many young Britons who would grow up to be comedians, was devoted to the radio comedy show, \'The Goon Show,\' starring the legendary Peter Sellers, Spike Milligan, and Harry Secombe.','https://m.media-amazon.com/images/M/MV5BMTQ1MTIzMzM1MF5BMl5BanBnXkFtZTYwNjQ3ODI1._V1_.jpg'),(40,'Walt Becker','1968-09-16','Walt Becker was born on September 16, 1968 in Hollywood, California, USA as Walt William Becker. He is a director and producer, known for Dos canguros muy maduros (2009), Cerdos salvajes: Con un par... de ruedas (2007) and Van Wilder: Animal Party (2002). He has been married to Lindsay Becker since 2005. They have two children.','https://m.media-amazon.com/images/M/MV5BMTY0MDMxNzU0MV5BMl5BanBnXkFtZTYwNDQyOTgy._V1_UX178_CR0,0,178,264_AL_.jpg'),(41,'Tim Robbins','1958-10-16','Born in West Covina, California, but raised in New York City, Tim Robbins is the son of former The Highwaymen singer Gil Robbins and actress Mary Robbins (née Bledsoe). Robbins studied drama at UCLA, where he graduated with honors in 1981. That same year, he formed the Actors\' Gang theater group, an experimental ensemble that expressed radical political observations through the European avant-garde form of theater. He started film work in television movies in 1983, but hit the big time in 1988 with his portrayal of dimwitted fastball pitcher \'Nuke\' Laloosh in Los búfalos de Durham (1988). Tall with baby-faced looks, he has the ability to play naive and obtuse (Cadillac Man (1990) and El gran salto (1994)) or slick and shrewd (El juego de Hollywood (1992) and Ciudadano Bob Roberts (1992)).','https://es.web.img3.acsta.net/c_310_420/medias/nmedia/18/35/36/86/19313141.jpg'),(42,'Morgan Freeman','1937-06-01','With an authoritative voice and calm demeanor, this ever popular American actor has grown into one of the most respected figures in modern US cinema. Morgan was born on June 1, 1937 in Memphis, Tennessee, to Mayme Edna (Revere), a teacher, and Morgan Porterfield Freeman, a barber. The young Freeman attended Los Angeles City College before serving several years in the US Air Force as a mechanic between 1955 and 1959. His first dramatic arts exposure was on the stage including appearing in an all-African American production of the exuberant musical Hello, Dolly!.','https://www.alohacriticon.com/wp-content/uploads/2017/03/morgan-freeman-foto-biografia.jpg'),(43,'Bob Gunton','1945-11-15','Bob Gunton is an American actor, primarily known for portraying strict and authoritarian characters in popular films. His better known roles include Chief George Earle in \'Demolition Man\' (1993), Prison Warden Samuel Norton in \'The Shawshank Redemption\' (1994), medical school dean Dr. Walcott in \'Patch Adams\' (1998), and politician Cyrus Vance in \'Argo\' (2012).In 1945, Gunton was born Santa Monica, California. His parents were labor union executive Robert Patrick Gunton Sr. and his wife Rose Marie Banovetz. Gunton was raised in California and attended Mater Dei High School in Santa Ana, California. His college years were spent in the Paulist Seminary St Peter\'s College, in Baltimore, Maryland, and the University of California, Irvine.','https://images.moviefit.me/p/o/8700-bob-gunton.jpg'),(44,'William Sadler','1950-04-13','William Thomas Sadler was born on April 13, 1950 in Buffalo, New York, to Jane and William Sadler. He began his acting career in New York theaters, appearing in more than 75 productions over the course of 12 years. His roles included that of Sgt. Merwin J. Toomey in Neil Simon\'s Tony Award winning play \'Biloxi Blues\'. He is best remembered for his roles in La jungla 2 (Alerta roja) (1990), El viaje alucinante de Bill y Ted (1991), Cadena perpetua (1994) and Caballero del diablo (1995). He is also a television star, appearing in such sitcoms as Roseanne (1988) and Murphy Brown (1988) and such movies-of-the weeks as Charlie y su globo (1981). Sadler also starred as Sheriff Jim Valenti on the WB science fiction television series Roswell (1999).','https://images.mubicdn.net/images/cast_member/38956/cache-96082-1408428349/image-w856.jpg?size=800x'),(45,'Frank Darabont','1959-07-28','Three-time Oscar nominee Frank Darabont was born in a refugee camp in 1959 in Montbeliard, France, the son of Hungarian parents who had fled Budapest during the failed 1956 Hungarian revolution. Brought to America as an infant, he settled with his family in Los Angeles and attended Hollywood High School. His first job in movies was as a production assistant on the 1981 low-budget film, Noche infernal (1981), starring Linda Blair. He spent the next six years working in the art department as a set dresser and in set construction while struggling to establish himself as a writer. His first produced writing credit (shared) was on the 1987 film, Pesadilla en Elm Street 3: Los guerreros del sueño (1987), directed by Chuck Russell. Darabont is one of only six filmmakers in history with the unique distinction of having his first two feature films receive nominations for the Best Picture Academy Award: 1994\'s Cadena perpetua (1994) (with a total of seven nominations) and 1999\'s La milla verde (1999) (four nominations). ','https://m.media-amazon.com/images/M/MV5BNjk0MTkxNzQwOF5BMl5BanBnXkFtZTcwODM5OTMwNA@@._V1_UY264_CR17,0,178,264_AL_.jpg'),(46,'Marlon Brando','1924-04-03','Marlon Brando is widely considered the greatest movie actor of all time, rivaled only by the more theatrically oriented Laurence Olivier in terms of esteem. Unlike Olivier, who preferred the stage to the screen, Brando concentrated his talents on movies after bidding the Broadway stage adieu in 1949, a decision for which he was severely criticized when his star began to dim in the 1960s and he was excoriated for squandering his talents. No actor ever exerted such a profound influence on succeeding generations of actors as did Brando. More than 50 years after he first scorched the screen as Stanley Kowalski in the movie version of Tennessee Williams\' Un tranvía llamado deseo (1951) and a quarter-century after his last great performance as Col. Kurtz in Francis Ford Coppola\'s Apocalypse Now (1979), all American actors are still being measured by the yardstick that was Brando. It was if the shadow of John Barrymore, the great American actor closest to Brando in terms of talent and stardom, dominated the acting field up until the 1970s. He did not, nor did any other actor so dominate the public\'s consciousness of what WAS an actor before or since Brando\'s 1951 on-screen portrayal of Stanley made him a cultural icon. Brando eclipsed the reputation of other great actors circa 1950, such as Paul Muni and Fredric March. Only the luster of Spencer Tracy\'s reputation hasn\'t dimmed when seen in the starlight thrown off by Brando. However, neither Tracy nor Olivier created an entire school of acting just by the force of his personality. Brando did.','https://upload.wikimedia.org/wikipedia/commons/thumb/5/53/Marlon_Brando_publicity_for_One-Eyed_Jacks.png/640px-Marlon_Brando_publicity_for_One-Eyed_Jacks.png'),(47,'James Caan','1940-03-26','A masculine and enigmatic actor whose life and movie career have had more ups and downs than the average rollercoaster and whose selection of roles has arguably derailed him from achieving true superstar status, James Caan is New York-born and bred.He was born in the Bronx, to Sophie (Falkenstein) and Arthur Caan, Jewish immigrants from Germany. His father was a meat dealer and butcher. The athletically gifted Caan played football at Michigan State University while studying economics, holds a black belt in karate and for several years was even a regular on the rodeo circuit, where he was nicknamed \'The Jewish Cowboy\'. However, while studying at Hofstra University, he became intrigued by acting and was interviewed and accepted at Sanford Meisner\'s Neighborhood Playhouse. He then won a scholarship to study under acting coach Wynn Handman and began to appear in several off-Broadway productions, including \'I Roam\' and \'Mandingo\'.','https://www.alohacriticon.com/wp-content/uploads/2012/08/james-caan.jpg'),(48,'Diane Keaton','1946-01-05','Diane Keaton was born Diane Hall in Los Angeles, California, to Dorothy Deanne (Keaton), an amateur photographer, and John Newton Ignatius \'Jack\' Hall, a civil engineer and real estate broker. She studied Drama at Santa Ana College, before dropping out in favor of the Neighborhood Playhouse in New York. After appearing in summer stock for several months, she got her first major stage role in the Broadway rock musical \'Hair\'. As understudy to the lead, she gained attention by not removing any of her clothing. In 1968, Woody Allen cast her in his Broadway play \'Play It Again, Sam,\' which had a successful run. It was during this time that she became involved with Allen and appeared in a number of his films. The first one was Sueños de seductor (1972), the screen adaptation of the stage play. That same year Francis Ford Coppola cast her as Kay in the Oscar-winning El padrino (1972), and she was on her way to stardom. She reprized that role in the film\'s first sequel, El padrino: Parte II (1974). She then appeared with Allen again in El dormilón (1973) and La última noche de Boris Grushenko (1975).','https://upload.wikimedia.org/wikipedia/commons/0/0b/Diane_Keaton_by_Firooz_Zahedi_2.jpg'),(49,'Francis Ford Coppola','1939-04-07','Francis Ford Coppola was born in 1939 in Detroit, Michigan, but grew up in a New York suburb in a creative, supportive Italian-American family. His father, Carmine Coppola, was a composer and musician. His mother, Italia Coppola (née Pennino), had been an actress. Francis Ford Coppola graduated with a degree in drama from Hofstra University, and did graduate work at UCLA in filmmaking. He was training as assistant with filmmaker Roger Corman, working in such capacities as sound-man, dialogue director, associate producer and, eventually, director of Demencia 13 (1963), Coppola\'s first feature film. During the next four years, Coppola was involved in a variety of script collaborations, including writing an adaptation of \'This Property is Condemned\' by Tennessee Williams (with Fred Coe and Edith Sommer), and screenplays for ¿Arde París? (1966) and Patton (1970), the film for which Coppola won a Best Original Screenplay Academy Award. In 1966, Coppola\'s 2nd film brought him critical acclaim and a Master of Fine Arts degree. In 1969, Coppola and George Lucas established American Zoetrope, an independent film production company based in San Francisco. The company\'s first project was THX 1138 (1971), produced by Coppola and directed by Lucas. Coppola also produced the second film that Lucas directed, American Graffiti (1973), in 1973. This movie got five Academy Award nominations, including one for Best Picture. In 1971, Coppola\'s film El padrino (1972) became one of the highest-grossing movies in history and brought him an Oscar for writing the screenplay with Mario Puzo The film was a Best Picture Academy Award-winner, and also brought Coppola a Best Director Oscar nomination. ','https://e00-elmundo.uecdn.es/assets/multimedia/imagenes/2019/04/15/15553422728423.jpg'),(50,'Christian Bale','1974-07-30','Christian Charles Philip Bale was born in Pembrokeshire, Wales, UK on January 30, 1974, to English parents Jennifer \'Jenny\' (James) and David Bale. His mother was a circus performer and his father, who was born in South Africa, was a commercial pilot. The family lived in different countries throughout Bale\'s childhood, including England, Portugal, and the United States. Bale acknowledges the constant change was one of the influences on his career choice.','https://upload.wikimedia.org/wikipedia/commons/0/0a/Christian_Bale-7837.jpg'),(51,'Heath Ledger','1979-04-04','When hunky, twenty-year-old heart-throb Heath Ledger first came to the attention of the public in 1999, it was all too easy to tag him as a \'pretty boy\' and an actor of little depth. He spent several years trying desperately to sway this image, but this was a double-edged sword. His work comprised nineteen films, including 10 razones para odiarte (1999), El patriota (2000), Destino de caballero (2001), Monster\'s Ball (2001), Ned Kelly: Comienza la leyenda (2003), El secreto de los hermanos Grimm (2005), Los amos de Dogtown (2005), En Terreno Vedado (2005), Casanova (2005), Candy (2006), I\'m Not There (2007), El caballero oscuro (2008) and El imaginario del Doctor Parnassus (2009). He also produced and directed music videos and aspired to be a film director.','https://upload.wikimedia.org/wikipedia/commons/thumb/4/4f/Heath_Ledger.jpg/640px-Heath_Ledger.jpg'),(52,'Peter Jackson','1961-10-31','Sir Peter Jackson made history with The Lord of the Rings trilogy, becoming the first person to direct three major feature films simultaneously. The Fellowship of the Ring, The Two Towers and The Return of the King were nominated for and collected a slew of awards from around the globe, with The Return of the King receiving his most impressive collection of awards. This included three Academy Awards® (Best Adapted Screenplay, Best Director and Best Picture), two Golden Globes (Best Director and Best Motion Picture-Drama), three BAFTAs (Best Adapted Screenplay, Best Film and Viewers\' Choice), a Directors Guild Award, a Producers Guild Award and a New York Film Critics Circle Award.','https://upload.wikimedia.org/wikipedia/commons/4/4a/Peter_Jackson_SDCC_2014.jpg'),(53,'Aaron Eckhart','1968-03-12','Aaron Eckhart was born on March 12, 1968 in Cupertino, California, USA as Aaron Edward Eckhart. He is an actor and producer, known for El caballero oscuro (2008), Gracias por fumar (2005) and Los secretos del corazón (2010).','https://upload.wikimedia.org/wikipedia/commons/9/9b/Aaron_Eckhart_by_Gage_Skidmore.jpg'),(54,'Michael Caine','1933-03-14','Michael Caine was born Maurice Joseph Micklewhite in London, to Ellen Frances Marie (Burchell), a charlady, and Maurice Joseph Micklewhite, a fish-market porter. He left school at age 15 and took a series of working-class jobs before joining the British army and serving in Korea during the Korean War, where he saw combat. Upon his return to England, he gravitated toward the theater and got a job as an assistant stage manager. He adopted the name of Caine on the advice of his agent, taking it from a marquee that advertised El motín del Caine (1954). In the years that followed, he worked in more than 100 television dramas, with repertory companies throughout England and eventually in the stage hit \'The Long and the Short and the Tall\'.','https://upload.wikimedia.org/wikipedia/commons/f/f4/Sir_Michael_Caine%2C_28th_EFA_Awards_2015%2C_Berlin_%28cropped%29.jpg'),(55,'Elijah Wood','1981-07-28','Elijah Wood is an American actor best known for portraying Frodo Baggins in Peter Jackson\'s blockbuster Lord of the Rings film trilogy. In addition to reprising the role in The Hobbit series, Wood also played Ryan in the FX television comedy Wilfred (2011) and voiced Beck in the Disney XD animated television series TRON: La resistencia (2012).','https://upload.wikimedia.org/wikipedia/commons/c/c9/Elijah_Wood_%2847955397556%29_%28cropped%29.jpg'),(56,'Viggo Mortensen','1958-10-20','Since his screen debut as a young Amish farmer in Peter Weir\'s Único testigo (1985), Viggo Mortensen\'s career has been marked by a steady string of well-rounded performances.Mortensen was born in New York City, to Grace Gamble (Atkinson) and Viggo Peter Mortensen, Sr. His father was Danish, his mother was American, and his maternal grandfather was Canadian. His parents met in Norway. They wed and moved to New York, where Viggo, Jr. was born, before moving to South America, where Viggo, Sr. managed chicken farms and ranches in Venezuela and Argentina. Two more sons were born, Charles and Walter, before the marriage grew increasingly unhappy. When Viggo was seven, his parents sent him to a a strict boarding school, isolated in the foothills of the mountains of Argentina. Then, at age eleven, his parents divorced. His mother moved herself and the children back to her home state of New York.','https://upload.wikimedia.org/wikipedia/commons/thumb/6/64/Viggo_Mortensen_B_%282020%29.jpg/640px-Viggo_Mortensen_B_%282020%29.jpg'),(57,'Ian McKellen','1939-05-25','Widely regarded as one of greatest stage and screen actors both in his native Great Britain and internationally, twice nominated for the Oscar and recipient of every major theatrical award in the UK and US, Ian Murray McKellen was born on May 25, 1939 in Burnley, Lancashire, England, to Margery Lois (Sutcliffe) and Denis Murray McKellen, a civil engineer and lay preacher. He is of Scottish, Northern Irish, and English descent. During his early childhood, his parents moved with Ian and his older sister, Jean, to the mill town of Wigan. It was in this small town that young Ian rode out World War II. He soon developed a fascination with acting and the theatre, which was encouraged by his parents. They would take him to plays, those by William Shakespeare, in particular. The amateur school productions fostered Ian\'s growing passion for theatre.','https://upload.wikimedia.org/wikipedia/commons/thumb/1/15/SDCC13_-_Ian_McKellen.jpg/1200px-SDCC13_-_Ian_McKellen.jpg'),(58,'Orlando Bloom\n','1977-07-13','Orlando Jonathan Blanchard Copeland Bloom was born on January 13, 1977 in Canterbury, Kent, England. His mother, Sonia Constance Josephine Bloom (née Copeland), was born in Kolkata, India, to an English family then-resident there. The man he first knew as his father, Harry Bloom, was a legendary political activist who fought for civil rights in South Africa. But Harry died of a stroke when Orlando was only four years old. After that, Orlando and his older sister, Samantha Bloom, were raised by their mother and family friend, Colin Stone. When Orlando was 13, Sonia revealed to him that Colin is actually the biological father of Orlando and his sister; the two were conceived after an agreement by his parents, since Harry, who suffered a stroke in 1975, was unable to have children.','https://upload.wikimedia.org/wikipedia/commons/8/81/Orlando_Bloom_Cannes_2013.jpg'),(59,'Johnny Depp','1963-06-09','Johnny Depp is perhaps one of the most versatile actors of his day and age in Hollywood.He was born John Christopher Depp II in Owensboro, Kentucky, on June 9, 1963, to Betty Sue (Wells), who worked as a waitress, and John Christopher Depp, a civil engineer.Depp was raised in Florida. He dropped out of school when he was 15, and fronted a series of music-garage bands, including one named \'The Kids\'. When he married Lori Anne Allison (Lori A. Depp) he took a job as a ballpoint-pen salesman to support himself and his wife. A visit to Los Angeles, California, with his wife, however, happened to be a blessing in disguise, when he met up with actor Nicolas Cage, who advised him to turn to acting, which culminated in Depp\'s film debut in the low-budget horror film, Pesadilla en Elm Street (1984), where he played a teenager who falls prey to dream-stalking demon Freddy Krueger.','https://es.web.img3.acsta.net/pictures/17/05/19/11/33/566311.jpg'),(60,'Keira Knightley','1985-03-26','Keira Christina Knightley was born March 26, 1985 in the South West Greater London suburb of Richmond. She is the daughter of actor Will Knightley and actress turned playwright Sharman Macdonald. An older brother, Caleb Knightley, was born in 1979. Her father is English, while her Scottish-born mother is of Scottish and Welsh origin. Brought up immersed in the acting profession from both sides - writing and performing - it is little wonder that the young Keira asked for her own agent at the age of three. She was granted one at the age of six and performed in her first TV role as \'Little Girl\' in Screen One: Royal Celebration (1993), aged seven.','https://upload.wikimedia.org/wikipedia/commons/thumb/f/f6/Keira_Knightley_2005.jpg/220px-Keira_Knightley_2005.jpg'),(61,'Geoffrey Rush','1951-06-06','Geoffrey Roy Rush was born on July 6, 1951, in Toowoomba, Queensland, Australia, to Merle (Bischof), a department store sales assistant, and Roy Baden Rush, an accountant for the Royal Australian Air Force. His mother was of German descent and his father had English, Irish, and Scottish ancestry. He was raised in Brisbane, Queensland, after his parents split up.Rush attended Everton Park State High School during his formative years. His early interest in the theatre led to his 1971 stage debut at age 20 in \'Wrong Side of the Moon\' with the Queensland Theatre Company.','https://upload.wikimedia.org/wikipedia/commons/thumb/8/80/Geoffrey_Rush_Final_Portrait_Red_Carpet_Berlinale_2017_01_%28cropped%29.jpg/1200px-Geoffrey_Rush_Final_Portrait_Red_Carpet_Berlinale_2017_01_%28cropped%29.jpg'),(62,'Gore Verbinski','1964-03-16','Gore Verbinski, one of American cinema\'s most inventive directors who was a punk-rock guitarist as a teenager and had to sell his guitar to buy his first camera, is now the director of Piratas del Caribe: El cofre del hombre muerto (2006) which made the industry record for highest opening weekend of all time ($135,600,000) and grossed over $1 billion dollars worldwide.','https://static.wikia.nocookie.net/disney/images/7/74/524F20B2-2D52-4C5D-A665-AF3D066390C4.jpeg/revision/latest/top-crop/width/360/height/450?cb=20180908055738&path-prefix=es'),(63,'Christopher Nolan','1970-07-30','Best known for his cerebral, often nonlinear, storytelling, acclaimed writer-director Christopher Nolan was born on July 30, 1970, in London, England. Over the course of 15 years of filmmaking, Nolan has gone from low-budget independent films to working ...	https://phantom-marca.unidadeditorial.es/92f61797297a8a9bdb68b5cf611300ef/resize/1320/f/jpg/assets/multimedia/imagenes/2020/12/08/16074183033056.jpg','https://upload.wikimedia.org/wikipedia/commons/9/95/Christopher_Nolan_Cannes_2018.jpg'),(64,'Freddie Highmore','1992-02-14','Freddie Highmore is an English actor who came to prominence for his roles in 5 chicos & esto (2004), Descubriendo Nunca Jamás (2004), and Charlie y la fábrica de chocolate (2005).He was born Alfred Thomas Highmore in Camden Town, London, England, to Sue (Latimer), a talent agent, and Edward Thomas Highmore, an actor. Highmore has a younger brother, Albert \'Bertie\' Highmore. He attended Highgate School, and later earned a double-first degree in Spanish and Arabic from Cambridge University\'s Emmanuel College.','https://upload.wikimedia.org/wikipedia/commons/f/f0/Freddie_Highmore_2013_%28Straighten_Crop%29.jpg'),(65,'David Kelly','1929-07-11','Born Dublin, Ireland on July 11 1929. Educated at Synge Street Catholic boys school. Started acting aged 8 in the Gaiety Theatre in Dublin. Playing everything from Beckett to Shakespeare, he has appeared in theatre, TV and film constantly since 1959. Awards include: Helen Hayes Award, Outstanding Supporting Performer, Non-Resident Production (1991) for \'The Playboy of the Western World\'; nominated for SAG Award, Outstanding Performance by a Male Actor in a Supporting Role (1999) for Despertando a Ned (1998); ESB Lifetime Achievement award for work in the Irish theatre. He lived in Dublin, Ireland, where he died on 12 February 2012 at the age of 82. Children: Son, David. Daughter, Miriam.','http://www.cinefania.com/pics/personas/1/1592.jpg'),(66,'Helena Bonham Carter\n','1966-05-26','Helena Bonham Carter is an actress of great versatility, one of the UK\'s finest and most successful.Bonham Carter was born May 26, 1966 in Golders Green, London, England, the youngest of three children of Elena (née Propper de Callejón), a psychotherapist, and Raymond Bonham Carter, a merchant banker. Through her father, she is the great-granddaughter of former Prime Minister Herbert H. Asquith, and her blue-blooded family tree also contains Barons and Baronesses, diplomats, and a director, Bonham Carter\'s great-uncle Anthony Asquith, who made Pygmalión (1938) and La importancia de llamarse Ernesto (1952), among others. Cousin Crispin Bonham-Carter is also an actor. Her maternal grandfather, Eduardo Propper de Callejón, was a Spanish diplomat who was awarded the honorific Righteous Among the Nations, by Israel, for helping save Jews during World War II (Eduardo\'s own father was a Czech Jew). Helena\'s maternal grandmother, Hélène Fould-Springer, was from an upper-class Jewish family from France, Austria, and Germany, and later converted to her husband\'s Catholic faith.','https://static.wikia.nocookie.net/losmiserables/images/c/ce/Helena_bonham_carter.jpg/revision/latest/scale-to-width-down/284?cb=20121226105912&path-prefix=es'),(67,'Noah Taylor','1969-09-04','Noah George Taylor, the elder of two boys, was born in 1969 in London, England, to Maggie (Miller), a journalist and book editor, and Paul Taylor, a copywriter and journalist. His family lived in both England and New Zealand before returning to his parents\' native Australia in 1974. His parents divorced when he was a teenager and his father remarried--to theatre publicist, Suzie Howie. Noah left home at age 16 before graduating from University High School in Melbourne when he fell into acting. He decided to pursue his craft at St. Martin\'s Youth Theater. Despite his intense studies, the remote, slim-framed actor did not make his professional theater debut until March 1997 with Chekhov\'s \'The Seagull.\'','https://m.media-amazon.com/images/M/MV5BMTk1MDUxMDUzNV5BMl5BanBnXkFtZTYwNjc3MzE0._V1_.jpg'),(68,'Tim Burton','1958-08-25','Timothy Walter Burton was born in Burbank, California, to Jean Rae (Erickson), who owned a cat-themed gift shop, and William Reed Burton, who worked for the Burbank Park and Recreation Department. He spent most of his childhood as a recluse, drawing cartoons, and watching old movies (he was especially fond of films with Vincent Price). When he was in the ninth grade, his artistic talent was recognized by a local garbage company, when he won a prize for an anti-litter poster he designed. The company placed this poster on all of their garbage trucks for a year. After graduating from high school, he attended California Institute of the Arts. Like so many others who graduated from that school, Burton\'s first job was as an animator for Disney.','https://es.web.img3.acsta.net/c_310_420/medias/nmedia/18/35/36/86/19313141.jpg'),(69,'Mark Wahlberg','1971-06-05','American actor Mark Wahlberg is one of a handful of respected entertainers who successfully made the transition from teen pop idol to acclaimed actor. A Best Supporting Actor Oscar nominee for Infiltrados (2006) who went on to receive positive critical reviews for his performance in The Fighter (2010), Wahlberg also is a solid comedy actor, proven by his starring role in Ted (2012).','https://upload.wikimedia.org/wikipedia/commons/thumb/5/5f/Mark_Wahlberg_2017.jpg/640px-Mark_Wahlberg_2017.jpg'),(70,'Tim Roth','1961-05-14','Often mistaken for an American because of his skill at imitating accents, actor Tim Roth was born Timothy Simon Roth on May 14, 1961 in Lambeth, London, England. His mother, Ann, was a teacher and landscape painter. His father, Ernie, was a journalist who had changed the family name from \'Smith\' to \'Roth\'; Ernie was born in Brooklyn, New York, to an immigrant family of Irish ancestry.','https://static.wikia.nocookie.net/tarantino/images/b/b2/Tim_Roth.PNG/revision/latest?cb=20121229164428&path-prefix=es'),(71,'Michael Clarke Duncan','1957-12-10','Michael Clarke Duncan was born on December 10, 1957 in Chicago, Illinois. Raised by his single mother, Jean, a house cleaner, on Chicago\'s South Side, Duncan grew up resisting drugs and alcohol, instead concentrating on school. He wanted to play football in high school, but his mother wouldn\'t let him, afraid that he would get hurt. He then turned to acting, dreaming of becoming a famous actor.','https://upload.wikimedia.org/wikipedia/commons/thumb/7/78/MClarkeDuncan021109-R106_%2850094589037%29.jpg/1200px-MClarkeDuncan021109-R106_%2850094589037%29.jpg'),(72,'Estella Warren','1978-12-23','Estella Warren was a synchronized swimmer from the age of 7 until 17 in her native Canada. She moved away from home at 12 to train for the Canadian National Team. She was the Canadian National Champion for three years and represented her country at the World Aquatic Championship, where she placed second. A talent scout who came to a charity high school fashion show in which she appeared was impressed enough with her to take a Polaroid of her and send it to a New York City modeling agency. She was almost immediately signed to a modeling contract, and eventually appeared in \'Sports Illustrated\', \'Vogue\', \'Vanity Fair\' and two TV commercials for Chanel #5 perfume, both directed by Luc Besson. She decided to move to Los Angeles to pursue an acting career, and has appeared in films with such stars as Sylvester Stallone.','https://static.wikia.nocookie.net/to-hollywood-and-beyond/images/c/cf/Estella_Warren.jpg/revision/latest/top-crop/width/360/height/450?cb=20160119062051'),(73,'Tom Cruise\n','1962-06-03','In 1976, if you had told fourteen-year-old Franciscan seminary student Thomas Cruise Mapother IV that one day in the not too distant future he would be Tom Cruise, one of the top 100 movie stars of all time, he would have probably grinned and told you that his ambition was to join the priesthood. Nonetheless, this sensitive, deeply religious youngster who was born in 1962 in Syracuse, New York, was destined to become one of the highest paid and most sought after actors in screen history.','https://upload.wikimedia.org/wikipedia/commons/3/33/Tom_Cruise_by_Gage_Skidmore_2.jpg'),(74,'Andrea Riseborough','1981-11-20','Andrea Riseborough was born on November 20, 1981 in Newcastle upon Tyne, Northumberland, England as Andrea Louise Riseborough. She is an actress and producer, known for Birdman o (La inesperada virtud de la ignorancia) (2014), Oblivion (2013) and Wallis y Eduardo: El romance del siglo (2011).','https://static.wikia.nocookie.net/doblaje/images/a/a3/Andrea_Riseborough.jpg/revision/latest/top-crop/width/360/height/450?cb=20130414074156&path-prefix=es'),(75,'Olga Kurylenko','1979-11-14','Olga Kurylenko, a Ukrainian-born actress and model, went from sharing a cramped flat with her aunt, uncle, grandparents and cousin to starring as a Bond girl opposite Daniel Craig.She was born Olga Konstantinovna Kurylenko on November 14, 1979, in Berdyansk, Ukraine, Soviet Union. Her mother, Marina Alyabysheva, divorced her father, Konstantin Kurylenko, soon after her birth. After the divorce her mother struggled to survive as an art teacher. Young Olga was brought up by her mother and her grandmother, Raisa. During her youth Olga had the humbling experience of living in poverty; she had no choice but to wear rags and had to darn the holes on her sweater. During her years in Ukraine she studied art and languages and spent seven years studying piano at a local school of music in Berdyansk. She also went to a ballet studio until 13.','https://m.guiadelocio.com/var/guiadelocio.com/storage/images/cine/personajes/olga-kurylenko/7400081-19-esl-ES/olga-kurylenko.jpg'),(76,'Joseph Kosinski','1974-05-03','Joseph Kosinski is a director whose uncompromising style has quickly made a mark in the filmmaking zeitgeist. His feature film debut, \'Tron: Legacy\' for Walt Disney Studios, grossed over $400 million worldwide and was nominated for several awards, including an Academy Award for Sound Editing and a Grammy for the score by Daft Punk.','https://es.web.img2.acsta.net/medias/nmedia/18/77/18/49/19581336.jpg'),(77,'Jon Voight','1938-12-29','Jon Voight is an American actor of German and Slovak descent. He has won the Academy Award for Best Actor in a Leading Role for his role as paraplegic Vietnam War veteran Luke Martin in the war film \'Coming Home\' (1978). He has also been nominated for the same award other two times. He was first nominated for his role as aspiring gigolo Joe Buck in \'Midnight Cowboy\' (1969), He was last nominated for the award for his role as escaped convict Oscar \'Manny\' Manheim in \'Runaway Train\' (1985). He was also nominated for the Academy Award for Best Actor in a Supporting Role, for his role as sports journalist Howard Cosell (1918-1995) in \'Ali\' (2001).','https://static.wikia.nocookie.net/hitlerparody/images/e/ea/800px-Jon_Voight_2012.jpg/revision/latest?cb=20190412093103&path-prefix=es'),(78,'Emmanuelle Beart','1963-08-14','Emmanuelle Béart was born August 14, 1963, in Gassin, France. She lived with her mother, brothers, and sister on a farm not far from Saint-Tropez in Provence (southern France), because her father, singer and poet Guy Béart, did not want his children to be affected by the glamour world of Paris. When Emmanuelle was thirteen, she saw Romy Schneider in the movie Mado (1976). From that time on, she wanted to be an actress. In Emmanuelle\'s teens, her parents sent her to Montreal, Quebec, Canada, for four years, so she could learn English. There, she was engaged for a Robert Altman movie that was never made.','https://m.guiadelocio.com/var/guiadelocio.com/storage/images/cine/personajes/emmanuelle-beart/18857794-1-esl-ES/emmanuelle-beart.jpg'),(79,'Henry Czerny','1959-02-08','Henry Czerny was born on February 8, 1959 in Toronto, Ontario, Canada. He is an actor, known for Mission: Impossible (1996), Peligro inminente (1994) and La pantera rosa (2006). He has been married to Claudine Cassidy since 2001. They have one child.','https://img.discogs.com/UYP3OHcM_wnOpT9d5Eb4WGMT2pI=/fit-in/300x300/filters:strip_icc():format(jpeg):mode_rgb():quality(40)/discogs-images/A-916735-1308990008.jpeg.jpg'),(80,'Brian De Palma','1940-07-11','Brian De Palma is one of the well-known directors who spear-headed the new movement in Hollywood during the 1970s. He is known for his many films that go from violent pictures, to Hitchcock-like thrillers. Born on September 11, 1940, De Palma was born in Newark, New Jersey in an Italian-American family. Originally entering university as a physics student, De Palma became attracted to films after seeing such classics as Ciudadano Kane (1941). Enrolling in Sarah Lawrence College, he found lasting influences from such varied teachers as Alfred Hitchcock and Andy Warhol.','https://m.media-amazon.com/images/M/MV5BMTI2ODQ0NDY3OV5BMl5BanBnXkFtZTYwNjAxNTM0._V1_UY1200_CR90,0,630,1200_AL_.jpg'),(81,'Russell Crowe','1964-04-07','Russell Ira Crowe was born in Wellington, New Zealand, to Jocelyn Yvonne (Wemyss) and John Alexander Crowe, both of whom catered movie sets. His maternal grandfather, Stanley Wemyss, was a cinematographer. Crowe\'s recent ancestry includes Welsh (where his paternal grandfather was born, in Wrexham), English, Irish, Scottish, Norwegian, Swedish, Italian, and Maori (one of Crowe\'s maternal great-grandmothers, Erana Putiputi Hayes Heihi, was Maori).','https://m.media-amazon.com/images/M/MV5BMTQyMTExNTMxOF5BMl5BanBnXkFtZTcwNDg1NzkzNw@@._V1_.jpg'),(82,'Joaquin Phoenix','1974-10-28','Joaquin Phoenix was born Joaquin Rafael Bottom in San Juan, Puerto Rico, to Arlyn (Dunetz) and John Bottom, and is the middle child in a brood of five. His parents, from the continental United States, were then serving as Children of God missionaries. His mother is from a Jewish family from New York, while his father, from California, is of mostly British Isles descent. As a youngster, Joaquin took his cues from older siblings River Phoenix and Rain Phoenix, changing his name to Leaf to match their earthier monikers. When the children were encouraged to develop their creative instincts, he followed their lead into acting. Younger sisters Liberty Phoenix and Summer Phoenix rounded out the talented troupe.','https://www.swashvillage.org/storage/img/images_1/joaquin-phoenix-biography.jpg'),(83,'Connie Nielsen','1965-07-03','Danish beauty Connie Nielsen consistently lights up the screen with an eclectic bevy of film roles. She was born in Frederikshavn, Denmark, to a mother who worked as an insurance clerk, and a father, Bent Nielsen, who was a bus driver. Nielsen began her acting career working alongside her mother on the local revue and variety scene. At 18, she headed to Paris to continue her pursuit of acting, which led her to further work and study in Rome and Milan. In addition to being an accomplished actress, Nielsen is also a trained singer, dancer and is fluent in English, German, Danish, Swedish, French and Italian. She resides in New York.','https://static.wikia.nocookie.net/doblaje/images/d/d9/Connie_Nielsen_2019.jpg/revision/latest/top-crop/width/360/height/450?cb=20200913234623&path-prefix=es'),(84,'Oliver Reed','1979-03-02','Oliver Reed was born on February 13, 1938 in Wimbledon, London, England as Robert Oliver Reed. He was an actor, known for Gladiator (El gladiador) (2000), Oliver (1968) and Cromosoma 3 (1979). He was married to Josephine Burge and Kate Byrne. He died on May 2, 1999 in Valletta, Malta.','https://static.wikia.nocookie.net/doblaje/images/4/4b/Ollie_Reed.png/revision/latest/top-crop/width/360/height/450?cb=20150118113555&path-prefix=es'),(85,'Leonardo DiCaprio','1974-11-11','Few actors in the world have had a career quite as diverse as Leonardo DiCaprio\'s. DiCaprio has gone from relatively humble beginnings, as a supporting cast member of the sitcom Los problemas crecen (1985) and low budget horror movies, such as Critters 3 (1991), to a major teenage heartthrob in the 1990s, as the hunky lead actor in movies such as Romeo y Julieta de William Shakespeare (1996) and Titanic (1997), to then become a leading man in Hollywood blockbusters, made by internationally renowned directors such as Martin Scorsese and Christopher Nolan.','https://img.huffingtonpost.com/asset/60eeba4e3b0000155cecbf42.jpg?cache=spKOFqdaLg&ops=scalefit_720_noupscale'),(86,'Kate Winslet','1975-10-05','Ask Kate Winslet what she likes about any of her characters, and the word \'ballsy\' is bound to pop up at least once. The British actress has made a point of eschewing straightforward pretty-girl parts in favor of more devilish damsels; as a result, she\'s built an eclectic resume that runs the gamut from Shakespearean tragedy to modern-day mysticism and erotica.','https://upload.wikimedia.org/wikipedia/commons/thumb/a/a5/KateWinsletAAFeb09.jpg/200px-KateWinsletAAFeb09.jpg'),(87,'Billy Zane','1966-02-24','William George Zane, better known as Billy Zane, was born on February 24, 1966 in Chicago, Illinois, to Thalia (Colovos) and William Zane, both of Greek ancestry. His parents were amateur actors and managed a medical technical school. Billy has an older sister, actress and singer Lisa Zane. Billy was bitten by the acting bug early on. In his early teens, he attended Harand Camp of the Theater Arts in Elkhart Lake, Wisconsin. In 1982, he attended the American School in Switzerland. His high school days were spent at Francis Parker High School in Chicago, Illinois. Daryl Hannah and Jennifer Beals also attended Parker, prior to Billy\'s attendance.','https://static.wikia.nocookie.net/arrow/images/9/9c/Billy_Zane.png/revision/latest?cb=20170621032241&path-prefix=es'),(88,'Kathy Bates','1966-06-28','Multi-talented, multi-award-winning actress Kathleen (Doyle) Bates was born on June 28, 1948, and raised in Memphis, Tennessee. She is the youngest of three girls born to Bertye Kathleen (Talbot), a homemaker, and Langdon Doyle Bates, a mechanical engineer. Her grandfather was author Finis L. Bates. Kathy has English, as well as Irish, Scottish, and German, ancestry, and one of her ancestors, an Irish emigrant to New Orleans, once served as President Andrew Jackson\'s doctor.','https://media.revistavanityfair.es/photos/60e855d6bb9e71d46fd8da1a/master/w_1600%2Cc_limit/37456.jpg'),(89,'James Cameron','1954-08-16','James Francis Cameron was born on August 16, 1954 in Kapuskasing, Ontario, Canada. He moved to the United States in 1971. The son of an engineer, he majored in physics at California State University before switching to English, and eventually dropping out. He then drove a truck to support his screenwriting ambition. He landed his first professional film job as art director, miniature-set builder, and process-projection supervisor on Roger Corman\'s Los 7 magníficos del espacio (1980) and had his first experience as a director with a two week stint on Piraña II: los vampiros del mar (1981) before being fired.','https://upload.wikimedia.org/wikipedia/commons/thumb/f/fe/James_Cameron_by_Gage_Skidmore.jpg/1200px-James_Cameron_by_Gage_Skidmore.jpg'),(90,'Tom Hardy','1977-09-15','With his breakthrough performance as Eames in Christopher Nolan\'s sci-fi thriller Origen (2010), English actor Tom Hardy has been brought to the attention of mainstream audiences worldwide. However, the versatile actor has been steadily working on both stage and screen since his television debut in the miniseries Hermanos de sangre (2001). After being cast in the World War II drama, Hardy left his studies at the prestigious Drama Centre in London and was subsequently cast as Twombly in Ridley Scott\'s Black Hawk derribado (2001) and as the villain Shinzon in Star Trek: Némesis (2002).','https://upload.wikimedia.org/wikipedia/commons/thumb/4/43/Tom_Hardy_by_Gage_Skidmore.jpg/1200px-Tom_Hardy_by_Gage_Skidmore.jpg'),(91,'Will Poulter','1993-01-28','Will Poulter is an English actor, recognized for his performances as Lee Carter in El hijo de Rambow (2007), Eustace Scrubb in Las crónicas de Narnia: La travesía del Viajero del Alba (2010), and Kenny Rossmore in Somos los Miller (2013). Will was born in Hammersmith, London, the son of Caroline (Barrah), a nurse, and Neil Poulter, a professor of cardiology. His mother was raised in an Anglo family in Kenya, where her own father was a prominent game warden at the Maasai Mara wildlife sanctuary.','https://upload.wikimedia.org/wikipedia/commons/8/8a/Will_Poulter_2016_3.jpg'),(92,'Domhnall Gleeson','1983-03-12','Domhnall Gleeson is an Irish actor and writer. He is best known for his portrayal of Bill Weasley in the Harry Potter film franchise (2010-2011), About Time (2013), Ex Machina (2015) and The Revenant (2015).He is the son of actor Brendan Gleeson, alongside whom he has appeared in several films and theatre projects.Gleeson starred in Anna Karenina (2012), Frank (2014), Goodbye Christopher Robin (2017). He also portrayed the First Order\'s General Hux in Star Wars: The Force Awakens (2015) and Star Wars: The Last Jedi (2017).','https://static.wikia.nocookie.net/esharrypotter/images/5/58/Domhnall_Gleeson.png/revision/latest/top-crop/width/360/height/450?cb=20140306224837'),(93,'Alejandro G. Iñárritu','1963-08-15','Alejandro González Iñárritu (ih-nyar-ee-too), born August 15th, 1963, is a Mexican film director.González Iñárritu is the first Mexican director to be nominated for the Academy Award for Best Director and by the Directors Guild of America for Best Director. He is also the first Mexican-born director to have won the Prix de la mise en scene or best director award at Cannes (2006), the second one being Carlos Reygadas in 2012. His six feature films, \'Amores Perros\' (2000), \'21 Grams\' (2003), \'Babel\' (2006), \'Biutiful\' (2010), \'Birdman\' (2014) and \'The Revenant\' (2015), have gained critical acclaim world-wide including two Academy Award nominations.','https://es.web.img3.acsta.net/pictures/15/10/07/17/19/098710.jpg'),(94,'Rachel McAdams','1978-11-17','Rachel Anne McAdams was born on November 17, 1978 in London, Ontario, Canada, to Sandra Kay (Gale), a nurse, and Lance Frederick McAdams, a truck driver and furniture mover. She is of English, Welsh, Irish, and Scottish descent. Rachel became involved with acting as a teenager and by the age of 13 was performing in Shakespearean productions in summer theater camp; she went on to graduate with honors with a BFA degree in Theater from York University. After her debut in an episode of Disney\'s The Famous Jett Jackson (1998), she co-starred in the Canadian TV series Slings and Arrows (2003), a comedy-drama about the trials and travails of a Shakespearean theater group, and won a Gemini award for her performance in 2003.','https://es.web.img3.acsta.net/pictures/15/06/23/09/58/280625.jpg'),(95,'Bill Nighy','1949-12-12','Bill Nighy is an award-winning British character actor. He was born William Francis Nighy on December 12, 1949 in Caterham, Surrey, England, to Catherine Josephine (Whittaker), a psychiatric nurse from Glasgow, and Alfred Martin Nighy, who was English-born and managed a garage in Croydon.','https://upload.wikimedia.org/wikipedia/commons/thumb/4/41/Bill_Nighy-3007.jpg/1200px-Bill_Nighy-3007.jpg'),(96,'Lydia Wilson','1984-11-30','Lydia Wilson was born in 1984 in London, England. She is an actress, known for Una cuestión de tiempo (2013), Star Trek: Más allá (2016) and Nunca me abandones (2010).','https://static.wikia.nocookie.net/memoryalpha/images/0/06/Lydia_Wilson.jpg/revision/latest?cb=20160724163101&path-prefix=en'),(97,'Richard Curtis','1956-11-08','Richard Curtis was born on November 8, 1956 in Wellington, New Zealand as Richard Whalley Anthony Curtis. He is a writer and producer, known for Love Actually (2003), Cuatro bodas y un funeral (1994) and Una cuestión de tiempo (2013).','https://m.media-amazon.com/images/M/MV5BMTMzNzAxMTM3N15BMl5BanBnXkFtZTcwOTAzODQyNw@@._V1_.jpg'),(98,'Chloe Zhao','1982-03-31','Chloé Zhao or Zhao Ting (born March 31, 1982) is a Chinese film director, screenwriter, and producer. Her debut feature film, Songs My Brothers Taught Me (2015), premiered at Sundance Film Festival. Her second feature film, The Rider (2017), was critically acclaimed and received several accolades including nominations for Independent Spirit Award for Best Film and Best Director.','https://m.media-amazon.com/images/M/MV5BMWZlMjc3M2MtMDFlYy00OWIwLTkxMTUtOWYzNGU5ZmQ1MzgwXkEyXkFqcGdeQXVyMTk2ODc0MjY@._V1_.jpg'),(99,'Christopher Nolan','1970-07-30','Best known for his cerebral, often nonlinear, storytelling, acclaimed writer-director Christopher Nolan was born on July 30, 1970, in London, England. Over the course of 15 years of filmmaking, Nolan has gone from low-budget independent films to working on some of the biggest blockbusters ever made.At 7 years old, Nolan began making short movies with his father\'s Super-8 camera. While studying English Literature at University College London, he shot 16-millimeter films at U.C.L.\'s film society, where he learned the guerrilla techniques he would later use to make his first feature, Following (1998), on a budget of around $6,000. The noir thriller was recognized at a number of international film festivals prior to its theatrical release and gained Nolan enough credibility that he was able to gather substantial financing for his next film.','https://phantom-marca.unidadeditorial.es/92f61797297a8a9bdb68b5cf611300ef/resize/1320/f/jpg/assets/multimedia/imagenes/2020/12/08/16074183033056.jpg');
/*!40000 ALTER TABLE `Persona` ENABLE KEYS */;
UNLOCK TABLES;

--
-- Table structure for table `Trabajo`
--

DROP TABLE IF EXISTS `Trabajo`;
/*!40101 SET @saved_cs_client     = @@character_set_client */;
/*!40101 SET character_set_client = utf8 */;
CREATE TABLE `Trabajo` (
  `TrabajoID` int(11) NOT NULL,
  `Nom_trabajo` varchar(50) COLLATE utf8mb4_unicode_ci DEFAULT NULL,
  PRIMARY KEY (`TrabajoID`)
) ENGINE=InnoDB DEFAULT CHARSET=utf8mb4 COLLATE=utf8mb4_unicode_ci;
/*!40101 SET character_set_client = @saved_cs_client */;

--
-- Dumping data for table `Trabajo`
--

LOCK TABLES `Trabajo` WRITE;
/*!40000 ALTER TABLE `Trabajo` DISABLE KEYS */;
INSERT INTO `Trabajo` VALUES (1,'Director'),(2,'Actor');
/*!40000 ALTER TABLE `Trabajo` ENABLE KEYS */;
UNLOCK TABLES;

--
-- Table structure for table `TrabjPers`
--

DROP TABLE IF EXISTS `TrabjPers`;
/*!40101 SET @saved_cs_client     = @@character_set_client */;
/*!40101 SET character_set_client = utf8 */;
CREATE TABLE `TrabjPers` (
  `PersonaID` int(11) DEFAULT NULL,
  `TrabajoID` int(11) DEFAULT NULL,
  KEY `TrabajoID_idx` (`TrabajoID`),
  KEY `PersonaID` (`PersonaID`),
  CONSTRAINT `PersonaID` FOREIGN KEY (`PersonaID`) REFERENCES `Persona` (`PersonaID`) ON DELETE NO ACTION ON UPDATE NO ACTION,
  CONSTRAINT `TrabajoID` FOREIGN KEY (`TrabajoID`) REFERENCES `Trabajo` (`TrabajoID`) ON DELETE NO ACTION ON UPDATE NO ACTION
) ENGINE=InnoDB DEFAULT CHARSET=utf8mb4 COLLATE=utf8mb4_unicode_ci;
/*!40101 SET character_set_client = @saved_cs_client */;

--
-- Dumping data for table `TrabjPers`
--

LOCK TABLES `TrabjPers` WRITE;
/*!40000 ALTER TABLE `TrabjPers` DISABLE KEYS */;
INSERT INTO `TrabjPers` VALUES (1,2),(2,1),(3,2),(4,2),(5,2),(6,2),(7,2),(8,2),(9,2),(10,2),(11,2),(12,2),(13,2),(14,2),(15,2),(16,2),(17,2),(18,2),(19,2),(20,1),(21,1),(22,2),(23,2),(24,2),(25,2),(26,2),(27,2),(28,2),(29,2),(30,1),(31,2),(32,2),(33,2),(34,2),(35,1),(36,2),(37,2),(38,2),(39,2),(40,1),(41,2),(42,2),(43,2),(44,2),(45,1),(46,2),(47,2),(48,2),(49,1),(50,2),(51,2),(52,1),(53,2),(54,2),(55,2),(56,2),(57,2),(58,2),(59,2),(60,2),(61,2),(62,1),(64,2),(65,2),(66,2),(67,2),(68,1),(69,2),(70,2),(71,2),(72,2),(73,2),(74,2),(75,2),(76,1),(77,2),(78,2),(79,2),(80,1),(81,2),(82,2),(83,2),(84,2),(85,2),(86,2),(87,2),(88,2),(89,1),(90,2),(91,2),(92,2),(93,1),(94,2),(95,2),(96,2),(97,1),(98,1),(99,1);
/*!40000 ALTER TABLE `TrabjPers` ENABLE KEYS */;
UNLOCK TABLES;

--
-- Table structure for table `Usuario`
--

DROP TABLE IF EXISTS `Usuario`;
/*!40101 SET @saved_cs_client     = @@character_set_client */;
/*!40101 SET character_set_client = utf8 */;
CREATE TABLE `Usuario` (
  `PersonaID` int(11) NOT NULL,
  `Correo` varchar(45) COLLATE utf8mb4_unicode_ci DEFAULT NULL,
  `Contrasenya` varchar(45) COLLATE utf8mb4_unicode_ci DEFAULT NULL,
  PRIMARY KEY (`PersonaID`),
  CONSTRAINT `PersID` FOREIGN KEY (`PersonaID`) REFERENCES `Persona` (`PersonaID`) ON DELETE NO ACTION ON UPDATE NO ACTION
) ENGINE=InnoDB DEFAULT CHARSET=utf8mb4 COLLATE=utf8mb4_unicode_ci;
/*!40101 SET character_set_client = @saved_cs_client */;

--
-- Dumping data for table `Usuario`
--

LOCK TABLES `Usuario` WRITE;
/*!40000 ALTER TABLE `Usuario` DISABLE KEYS */;
/*!40000 ALTER TABLE `Usuario` ENABLE KEYS */;
UNLOCK TABLES;
/*!40103 SET TIME_ZONE=@OLD_TIME_ZONE */;

/*!40101 SET SQL_MODE=@OLD_SQL_MODE */;
/*!40014 SET FOREIGN_KEY_CHECKS=@OLD_FOREIGN_KEY_CHECKS */;
/*!40014 SET UNIQUE_CHECKS=@OLD_UNIQUE_CHECKS */;
/*!40101 SET CHARACTER_SET_CLIENT=@OLD_CHARACTER_SET_CLIENT */;
/*!40101 SET CHARACTER_SET_RESULTS=@OLD_CHARACTER_SET_RESULTS */;
/*!40101 SET COLLATION_CONNECTION=@OLD_COLLATION_CONNECTION */;
/*!40111 SET SQL_NOTES=@OLD_SQL_NOTES */;

-- Dump completed on 2021-12-20 13:39:06
